year,species,weight,value,trip_n,harv_n
1950,Alewife,79281300,3102352,,
1951,Redfish Acadian Ocean Perch,73941800,3428816,,
1952,Redfish Acadian Ocean Perch,60468300,2612084,,
1953,Redfish Acadian Ocean Perch,60623200,2362155,,
1954,Redfish Acadian Ocean Perch,79670700,3205500,,
1955,Redfish Acadian Ocean Perch,67685000,2577442,,
1956,Redfish Acadian Ocean Perch,64966900,2464204,,
1957,Redfish Acadian Ocean Perch,64722700,2394868,,
1958,Redfish Acadian Ocean Perch,71067800,3002566,,
1959,Redfish Acadian Ocean Perch,75224600,3116142,,
1960,Redfish Acadian Ocean Perch,78257700,3009777,,
1961,Redfish Acadian Ocean Perch,77350100,2942313,,
1962,Redfish Acadian Ocean Perch,69453400,2866916,,
1963,Redfish Acadian Ocean Perch,63904800,2935653,,
1964,Redfish Acadian Ocean Perch,58936209,2500433,,
1965,Redfish Acadian Ocean Perch,60338294,2381391,,
1966,Redfish Acadian Ocean Perch,65082169,2678683,,
1967,Redfish Acadian Ocean Perch,62153765,2408184,,
1968,Redfish Acadian Ocean Perch,57749811,2240153,,
1969,Redfish Acadian Ocean Perch,50752394,2151758,,
1970,Redfish Acadian Ocean Perch,46688234,2273971,,
1971,Redfish Acadian Ocean Perch,46629942,2347169,,
1972,Redfish Acadian Ocean Perch,42747052,2267847,,
1973,Redfish Acadian Ocean Perch,36091575,2577955,,
1974,Redfish Acadian Ocean Perch,30625696,2326496,,
1975,Redfish Acadian Ocean Perch,21513940,1979323,,
1976,Redfish Acadian Ocean Perch,20783285,2603614,,
1977,Redfish Acadian Ocean Perch,20803492,3140644,,
1978,Redfish Acadian Ocean Perch,22453627,3743286,,
1979,Redfish Acadian Ocean Perch,17836557,3534320,,
1980,Redfish Acadian Ocean Perch,13782328,3029682,,
1981,Redfish Acadian Ocean Perch,9162560,2421858,,
1982,Redfish Acadian Ocean Perch,10496030,2750801,,
1983,Redfish Acadian Ocean Perch,8314470,2094220,,
1984,Redfish Acadian Ocean Perch,6788672,1952804,,
1985,Redfish Acadian Ocean Perch,4015440,1235712,,
1986,Redfish Acadian Ocean Perch,1712677,766336,,
1987,Redfish Acadian Ocean Perch,1554720,1051956,,
1988,Redfish Acadian Ocean Perch,869561,538941,,
1989,Redfish Acadian Ocean Perch,640561,405865,,
1990,Redfish Acadian Ocean Perch,586400,315906,,
1991,Redfish Acadian Ocean Perch,498977,227433,,
1992,Redfish Acadian Ocean Perch,882561,381254,,
1993,Redfish Acadian Ocean Perch,980449,445921,,
1994,Redfish Acadian Ocean Perch,339008,227952,,
1995,Redfish Acadian Ocean Perch,289191,197954,,
1996,Redfish Acadian Ocean Perch,195672,141845,,
1997,Redfish Acadian Ocean Perch,235463,140138,,
1998,Redfish Acadian Ocean Perch,332550,203614,,
1999,Redfish Acadian Ocean Perch,395166,22915,,
2000,Redfish Acadian Ocean Perch,346034,212625,,
2001,Redfish Acadian Ocean Perch,380244,177540,,
2002,Redfish Acadian Ocean Perch,317936,184994,,
2003,Redfish Acadian Ocean Perch,317440,156699,,
2004,Redfish Acadian Ocean Perch,339307,179479,,
2005,Redfish Acadian Ocean Perch,400978,247174,,
2006,Redfish Acadian Ocean Perch,334810,245090,,
2007,Redfish Acadian Ocean Perch,304510,202427,,
2008,Redfish Acadian Ocean Perch,221722,132938,,
2009,Redfish Acadian Ocean Perch,155784,105824,,
2010,Redfish Acadian Ocean Perch,132349,97065,,
2011,Redfish Acadian Ocean Perch,123431,95522,,
2012,Redfish Acadian Ocean Perch,1054122,685702,,
2013,Redfish Acadian Ocean Perch,261244,179622,,
2014,Redfish Acadian Ocean Perch,571888,337983,,
2015,Redfish Acadian Ocean Perch,552056,356933,,
2016,Redfish Acadian Ocean Perch,209267,151306,,
2017,Redfish Acadian Ocean Perch,185473,114302,,
2018,Redfish Acadian Ocean Perch,190782,125514,,
2019,Redfish Acadian Ocean Perch,98966,57379,,
1950,Alewife,3165600,28294,,
1951,Alewife,3479200,26067,,
1952,Alewife,2783200,29763,,
1953,Alewife,2443100,27529,,
1954,Alewife,3296100,26643,,
1955,Alewife,3778600,33024,,
1956,Alewife,4587900,41833,,
1957,Alewife,3969500,32453,,
1958,Alewife,3095400,31841,,
1959,Alewife,1631400,18795,,
1960,Alewife,1412300,17609,,
1961,Alewife,1881800,26241,,
1962,Alewife,1682200,20644,,
1963,Alewife,1480300,21957,,
1964,Alewife,1479590,23543,,
1965,Alewife,3106455,43588,,
1966,Alewife,1785900,35718,,
1967,Alewife,1617400,48522,,
1968,Alewife,2249400,44988,,
1969,Alewife,1768000,35360,,
1970,Alewife,1622800,32456,,
1971,Alewife,1953600,39072,,
1972,Alewife,2216500,44330,,
1973,Alewife,2691400,80742,,
1974,Alewife,3309500,99285,,
1975,Alewife,3768300,150732,,
1976,Alewife,3394600,101838,,
1977,Alewife,3373500,134940,,
1978,Alewife,2780800,139040,,
1979,Alewife,2647600,132380,,
1980,Alewife,2644300,158658,,
1981,Alewife,232700,16289,,
1982,Alewife,1390200,97314,,
1983,Alewife,1035400,82832,,
1984,Alewife,817500,57225,,
1985,Alewife,1344900,107592,,
1986,Alewife,1010000,70700,,
1987,Alewife,791700,55419,,
1988,Alewife,662830,53026,,
1989,Alewife,803500,72315,,
1990,Alewife,783314,77085,,
1991,Alewife,429857,40575,,
1992,Alewife,524283,47185,,
1993,Alewife,212170,21151,,
1994,Alewife,151016,13591,,
1995,Alewife,247170,27190,,
1996,Alewife,310360,40074,,
1997,Alewife,464257,53507,,
1998,Alewife,545720,60030,,
1999,Alewife,591517,76897,,
2000,Alewife,560438,72857,,
2001,Alewife,962920,134809,,
2002,Alewife,1359330,176713,,
2003,Alewife,968800,136357,,
2004,Alewife,884882,134749,,
2005,Alewife,340060,56744,,
2006,Alewife,1235080,235439,,
2007,Alewife,740915,149447,,
2008,Alewife,1170469,252832,,
2009,Alewife,1383130,298719,,
2010,Alewife,1342285,290377,,
2011,Alewife,1151395,290046,,
2012,Alewife,1606535,426320,,
2013,Alewife,1423773,350785,,
2014,Alewife,1720285,482212,,
2015,Alewife,1295998,415433,,
2016,Alewife,1292662,398861,,
2017,Alewife,1682174,569623,,
2018,Alewife,1963269,677530,,
2019,Alewife,2154989,827865,,
1964,Yellow Eel,22884,5019,,
1965,Yellow Eel,52100,11462,,
1966,Yellow Eel,48700,9740,,
1967,Yellow Eel,48647,9439,,
1968,Yellow Eel,65520,14248,,
1969,Yellow Eel,37926,7964,,
1970,Yellow Eel,37600,8688,,
1971,Yellow Eel,54300,15204,,
1972,Yellow Eel,70210,24578,,
1973,Yellow Eel,79890,29555,,
1974,Yellow Eel,79524,32318,,
1975,Yellow Eel,154836,82380,,
1976,Yellow Eel,191025,93665,,
1979,Yellow Eel,111206,89214,,
1980,Yellow Eel,105463,111061,,
1981,Yellow Eel,55125,45308,,
1982,Yellow Eel,45051,36637,,
1983,Yellow Eel,11900,8925,,
1985,Yellow Eel,24100,18228,,
1986,Yellow Eel,16703,13219,,
1987,Yellow Eel,13288,13700,,
1989,Yellow Eel,27900,29247,,
1990,Yellow Eel,66164,86320,,
1991,Yellow Eel,18217,27331,,
1992,Yellow Eel,30672,55823,,
1993,Yellow Eel,14521,28022,,
1994,Yellow Eel,64135,85473,,
1995,Yellow Eel,35697,70006,,
1996,Yellow Eel,47720,,,
1997,Yellow Eel,30008,,,
1998,Yellow Eel,20671,46511,,
1999,Yellow Eel,36087,,,
2000,Yellow Eel,14349,16974,,
2001,Yellow Eel,14482,29238,,
2002,Yellow Eel,13133,30859,,
2003,Yellow Eel,15312,41042,,
2004,Yellow Eel,34841,77568,,
2005,Yellow Eel,17189,47463,,
2006,Yellow Eel,18619,54721,,
2007,Yellow Eel,13120,46577,,
2008,Yellow Eel,12496,41862,,
2009,Yellow Eel,2525,7575,,
2010,Yellow Eel,3038,9113,,
2011,Yellow Eel,4065,13008,,
2012,Yellow Eel,11275,36078,,
2013,Yellow Eel,6691,21410,,
2014,Yellow Eel,7578,24251,,
2015,Yellow Eel,4142,13254,,
2016,Yellow Eel,6811,21795,,
2017,Yellow Eel,6358,20347,,
2018,Yellow Eel,2832,9062,,
2019,Yellow Eel,2567,8214,,
,Yellow Eel,175711,262596,,
,Yellow Eel,133388,161892,,
1994,Monkfish,9361533,4657153,,
1995,Monkfish,9582432,4710443,,
1996,Monkfish,9392857,4573793,,
1997,Monkfish,8107412,4086652,,
1998,Monkfish,6237090,3133417,,
1999,Monkfish,7628858,5207031,,
2000,Monkfish,8601299,8875864,,
2001,Monkfish,10983433,7990779,,
2002,Monkfish,11127249,6248135,,
2003,Monkfish,13290830,7852098,,
2004,Monkfish,10566510,6840097,,
2005,Monkfish,7115213,6220142,,
2006,Monkfish,3666084,3237700,,
2007,Monkfish,2376334,2400533,,
2008,Monkfish,1177908,1468539,,
2009,Monkfish,603217,524771,,
2010,Monkfish,404156,393097,,
2011,Monkfish,532639,577738,,
2012,Monkfish,1075116,1047317,,
2013,Monkfish,874262,726155,,
2014,Monkfish,632918,560931,,
2015,Monkfish,740104,612448,,
2016,Monkfish,542412,456247,,
2017,Monkfish,882687,623119,,
2018,Monkfish,1149594,674282,,
2019,Monkfish,1291726,759253,,
1950,Plaice American (Dab),1613700,60385,,
1951,Plaice American (Dab),2019500,100900,,
1952,Plaice American (Dab),1866000,96926,,
1953,Plaice American (Dab),1413500,81537,,
1954,Plaice American (Dab),1654100,89629,,
1955,Plaice American (Dab),1386400,84455,,
1956,Plaice American (Dab),1448200,75287,,
1957,Plaice American (Dab),1152400,65333,,
1958,Plaice American (Dab),968400,62279,,
1959,Plaice American (Dab),870800,45269,,
1960,Plaice American (Dab),711100,40845,,
1961,Plaice American (Dab),688500,32881,,
1962,Plaice American (Dab),515800,24867,,
1963,Plaice American (Dab),454600,21992,,
1964,Plaice American (Dab),572703,26270,,
1965,Plaice American (Dab),718953,34753,,
1966,Plaice American (Dab),870086,47936,,
1967,Plaice American (Dab),753075,45872,,
1968,Plaice American (Dab),560531,31627,,
1969,Plaice American (Dab),353928,23445,,
1970,Plaice American (Dab),721256,64119,,
1971,Plaice American (Dab),509631,48701,,
1972,Plaice American (Dab),526817,67083,,
1973,Plaice American (Dab),770415,112628,,
1974,Plaice American (Dab),721810,124186,,
1975,Plaice American (Dab),1083578,243459,,
1976,Plaice American (Dab),2055967,606331,,
1977,Plaice American (Dab),5819200,1765599,,
1978,Plaice American (Dab),8338002,3123725,,
1979,Plaice American (Dab),11644502,4172117,,
1980,Plaice American (Dab),14633889,4943565,,
1981,Plaice American (Dab),13616540,5853803,,
1982,Plaice American (Dab),16032135,7037494,,
1983,Plaice American (Dab),12244414,5971663,,
1984,Plaice American (Dab),8295110,5059507,,
1985,Plaice American (Dab),7182743,5216387,,
1986,Plaice American (Dab),6024720,4998675,,
1987,Plaice American (Dab),6508738,6516725,,
1988,Plaice American (Dab),5795825,5585425,,
1989,Plaice American (Dab),4969719,5332464,,
1990,Plaice American (Dab),2754265,2960902,,
1991,Plaice American (Dab),4499218,4382925,,
1992,Plaice American (Dab),6777604,6477655,,
1993,Plaice American (Dab),6084917,7414640,,
1994,Plaice American (Dab),5875137,7300627,,
1995,Plaice American (Dab),4946581,6346767,,
1996,Plaice American (Dab),4556522,5883221,,
1997,Plaice American (Dab),3929218,5035257,,
1998,Plaice American (Dab),3423150,4338900,,
1999,Plaice American (Dab),3017709,3763362,,
2000,Plaice American (Dab),5187014,5338494,,
2001,Plaice American (Dab),5363105,5223611,,
2002,Plaice American (Dab),4080193,4622074,,
2003,Plaice American (Dab),2684184,3297418,,
2004,Plaice American (Dab),1646476,2037788,,
2005,Plaice American (Dab),1240775,1747374,,
2006,Plaice American (Dab),784021,1384132,,
2007,Plaice American (Dab),584051,982776,,
2008,Plaice American (Dab),453522,1158830,,
2009,Plaice American (Dab),323322,329728,,
2010,Plaice American (Dab),194423,282846,,
2011,Plaice American (Dab),142036,211495,,
2012,Plaice American (Dab),254636,429252,,
2013,Plaice American (Dab),484159,779015,,
2014,Plaice American (Dab),487782,873494,,
2015,Plaice American (Dab),647027,1181142,,
2017,Plaice American (Dab),316540,796208,,
2019,Plaice American (Dab),419750,781601,,
1950,Cod Atlantic,6613000,304150,,
1951,Cod Atlantic,5292800,289632,,
1952,Cod Atlantic,4614500,256454,,
1953,Cod Atlantic,3769100,213921,,
1954,Cod Atlantic,3688900,195077,,
1955,Cod Atlantic,2863200,146214,,
1956,Cod Atlantic,2746200,133730,,
1957,Cod Atlantic,2352400,122732,,
1958,Cod Atlantic,2735400,150074,,
1959,Cod Atlantic,2694000,144403,,
1960,Cod Atlantic,2897200,144470,,
1961,Cod Atlantic,2506500,124007,,
1962,Cod Atlantic,2260000,107384,,
1963,Cod Atlantic,1960200,87644,,
1964,Cod Atlantic,2394246,107302,,
1965,Cod Atlantic,2641683,129719,,
1966,Cod Atlantic,2802362,176295,,
1967,Cod Atlantic,3495513,187564,,
1968,Cod Atlantic,5036606,235179,,
1969,Cod Atlantic,4616709,237851,,
1970,Cod Atlantic,5426597,356915,,
1971,Cod Atlantic,4379488,335212,,
1972,Cod Atlantic,4432288,436649,,
1973,Cod Atlantic,4034894,497687,,
1974,Cod Atlantic,4003672,541414,,
1975,Cod Atlantic,5594578,910725,,
1976,Cod Atlantic,6366673,1429263,,
1977,Cod Atlantic,9125373,1974989,,
1978,Cod Atlantic,10886020,2263753,,
1979,Cod Atlantic,10330200,2591490,,
1980,Cod Atlantic,11441058,2659426,,
1981,Cod Atlantic,10146371,3169504,,
1982,Cod Atlantic,12251802,3658222,,
1983,Cod Atlantic,12083116,3736262,,
1984,Cod Atlantic,11794465,3943350,,
1985,Cod Atlantic,10352939,4095390,,
1986,Cod Atlantic,10154740,5526283,,
1987,Cod Atlantic,9935134,6989634,,
1988,Cod Atlantic,8104717,4033956,,
1989,Cod Atlantic,12395874,7253087,,
1990,Cod Atlantic,15276501,9388134,,
1991,Cod Atlantic,21179886,16285661,,
1992,Cod Atlantic,12995190,10789171,,
1993,Cod Atlantic,9217757,7963623,,
1994,Cod Atlantic,8250246,7079548,,
1995,Cod Atlantic,5323648,5087070,,
1996,Cod Atlantic,4864337,4078101,,
1997,Cod Atlantic,3983734,3413268,,
1998,Cod Atlantic,2400124,2582965,,
1999,Cod Atlantic,1573694,1851678,,
2000,Cod Atlantic,2602240,2994368,,
2001,Cod Atlantic,2941934,3114399,,
2002,Cod Atlantic,2904089,3203755,,
2003,Cod Atlantic,2386655,2954969,,
2004,Cod Atlantic,2372604,3161157,,
2005,Cod Atlantic,1964554,2815242,,
2006,Cod Atlantic,1420243,2371488,,
2007,Cod Atlantic,1371737,2215546,,
2008,Cod Atlantic,1324467,3769248,,
2009,Cod Atlantic,1238893,1534862,,
2010,Cod Atlantic,748130,1388705,,
2011,Cod Atlantic,814075,1617475,,
2012,Cod Atlantic,492714,1234108,,
2013,Cod Atlantic,286299,736154,,
2014,Cod Atlantic,404122,884372,,
2015,Cod Atlantic,254596,496752,,
2016,Cod Atlantic,166082,341502,,
2017,Cod Atlantic,80312,218930,,
2018,Cod Atlantic,90017,212132,,
2019,Cod Atlantic,88181,240687,,
1950,Halibut Atlantic,86100,20470,,
1951,Halibut Atlantic,114000,26784,,
1952,Halibut Atlantic,89000,24913,,
1953,Halibut Atlantic,78500,23937,,
1954,Halibut Atlantic,105400,29077,,
1955,Halibut Atlantic,153800,36862,,
1956,Halibut Atlantic,107400,29221,,
1957,Halibut Atlantic,124300,28507,,
1958,Halibut Atlantic,136300,35034,,
1959,Halibut Atlantic,97400,24591,,
1960,Halibut Atlantic,89900,24029,,
1961,Halibut Atlantic,69100,21221,,
1962,Halibut Atlantic,92200,30329,,
1963,Halibut Atlantic,92400,31034,,
1964,Halibut Atlantic,76590,24840,,
1965,Halibut Atlantic,92677,31662,,
1966,Halibut Atlantic,101941,37351,,
1967,Halibut Atlantic,99735,40007,,
1968,Halibut Atlantic,64395,25963,,
1969,Halibut Atlantic,52503,21450,,
1970,Halibut Atlantic,51660,25004,,
1971,Halibut Atlantic,77031,36737,,
1972,Halibut Atlantic,74626,51175,,
1973,Halibut Atlantic,60045,54084,,
1974,Halibut Atlantic,47542,53626,,
1975,Halibut Atlantic,45220,47911,,
1976,Halibut Atlantic,48109,50006,,
1977,Halibut Atlantic,46401,67564,,
1978,Halibut Atlantic,74726,106879,,
1979,Halibut Atlantic,88574,145954,,
1980,Halibut Atlantic,70931,111481,,
1981,Halibut Atlantic,62261,97220,,
1982,Halibut Atlantic,88145,142583,,
1983,Halibut Atlantic,88497,168610,,
1984,Halibut Atlantic,123168,236014,,
1985,Halibut Atlantic,94410,195554,,
1986,Halibut Atlantic,82659,195202,,
1987,Halibut Atlantic,55331,158241,,
1988,Halibut Atlantic,125374,280167,,
1989,Halibut Atlantic,40219,106312,,
1990,Halibut Atlantic,20503,49830,,
1991,Halibut Atlantic,43438,111013,,
1992,Halibut Atlantic,35070,85160,,
1993,Halibut Atlantic,30143,97825,,
1994,Halibut Atlantic,29664,104042,,
1995,Halibut Atlantic,11485,43172,,
1996,Halibut Atlantic,18069,65452,,
1997,Halibut Atlantic,22632,78806,,
1998,Halibut Atlantic,7708,26867,,
1999,Halibut Atlantic,11731,49143,,
2000,Halibut Atlantic,6217,24723,,
2001,Halibut Atlantic,11100,38891,,
2002,Halibut Atlantic,11175,45958,,
2003,Halibut Atlantic,10480,43216,,
2004,Halibut Atlantic,14411,59025,,
2005,Halibut Atlantic,24909,70292,,
2006,Halibut Atlantic,30018,139229,,
2007,Halibut Atlantic,42856,204783,,
2008,Halibut Atlantic,46278,236042,,
2009,Halibut Atlantic,80715,369342,,
2010,Halibut Atlantic,33139,197789,,
2011,Halibut Atlantic,36607,239319,,
2012,Halibut Atlantic,49786,332137,,
2013,Halibut Atlantic,50493,330195,,
2014,Halibut Atlantic,65830,438460,,
2015,Halibut Atlantic,93404,622592,,
2016,Halibut Atlantic,108724,636950,,
2017,Halibut Atlantic,73243,448047,,
2018,Halibut Atlantic,52027,310081,,
2019,Halibut Atlantic,52813,293241,,
1950,Herring Atlantic,185481500,1269467,,
1951,Herring Atlantic,59738100,913689,,
1952,Herring Atlantic,144661100,1752497,,
1953,Herring Atlantic,100587500,1621170,,
1954,Herring Atlantic,123602000,1769516,,
1955,Herring Atlantic,99415800,1352969,,
1956,Herring Atlantic,140472300,2299320,,
1957,Herring Atlantic,153621100,2312056,,
1958,Herring Atlantic,170977300,2562805,,
1959,Herring Atlantic,117149800,1880121,,
1960,Herring Atlantic,152327300,2486250,,
1961,Herring Atlantic,54462600,1035522,,
1962,Herring Atlantic,156699400,2374552,,
1963,Herring Atlantic,152316800,1649042,,
1964,Herring Atlantic,57660641,1209581,,
1965,Herring Atlantic,70179523,1167683,,
1966,Herring Atlantic,58298675,1208693,,
1967,Herring Atlantic,64599660,1537697,,
1968,Herring Atlantic,59703321,1668443,,
1969,Herring Atlantic,54213635,967657,,
1970,Herring Atlantic,36593185,653114,,
1971,Herring Atlantic,28570370,687346,,
1972,Herring Atlantic,44689750,1787072,,
1973,Herring Atlantic,37384405,1095072,,
1974,Herring Atlantic,47397980,1792546,,
1975,Herring Atlantic,38247475,1422695,,
1976,Herring Atlantic,70233465,3053366,,
1977,Herring Atlantic,73049915,3545465,,
1978,Herring Atlantic,66895150,3781612,,
1979,Herring Atlantic,89375145,4583641,,
1980,Herring Atlantic,107823120,5976744,,
1981,Herring Atlantic,114592828,6435366,,
1982,Herring Atlantic,51160800,2758156,,
1983,Herring Atlantic,40036938,2171224,,
1984,Herring Atlantic,44960437,2449934,,
1985,Herring Atlantic,32120729,1905771,,
1986,Herring Atlantic,43644838,2440200,,
1987,Herring Atlantic,45158678,2551476,,
1988,Herring Atlantic,36443512,2368897,,
1989,Herring Atlantic,34446305,1882496,,
1990,Herring Atlantic,49391482,2665381,,
1991,Herring Atlantic,53630630,3601524,,
1992,Herring Atlantic,61835897,3947739,,
1993,Herring Atlantic,76608916,4832917,,
1994,Herring Atlantic,77880630,4642750,,
1995,Herring Atlantic,94853634,5760054,,
1996,Herring Atlantic,111016104,6804505,,
1997,Herring Atlantic,123236252,7075316,,
1998,Herring Atlantic,68255041,4746242,,
1999,Herring Atlantic,111415907,7710270,,
2000,Herring Atlantic,100096801,6400254,,
2001,Herring Atlantic,115824675,7164559,,
2002,Herring Atlantic,67168589,4618318,,
2003,Herring Atlantic,96680581,7296176,,
2004,Herring Atlantic,92134922,7942709,,
2005,Herring Atlantic,89339497,9341079,,
2006,Herring Atlantic,89797819,9499679,,
2007,Herring Atlantic,71750312,8250463,,
2008,Herring Atlantic,67482579,8327328,,
2009,Herring Atlantic,64605734,7850007,,
2010,Herring Atlantic,57500777,8572391,,
2011,Herring Atlantic,97053021,14372011,,
2012,Herring Atlantic,92527533,14483090,,
2013,Herring Atlantic,98858907,15492024,,
2014,Herring Atlantic,103529863,16211924,,
2015,Herring Atlantic,86441073,13525989,,
2016,Herring Atlantic,78425124,19475541,,
2017,Herring Atlantic,65415273,17712598,,
2018,Herring Atlantic,62198413,16662228,,
2019,Herring Atlantic,13137030,5755729,,
1964,Mackerel Atlantic,488083,18076,,
1965,Mackerel Atlantic,669615,42689,,
1966,Mackerel Atlantic,689795,22849,,
1967,Mackerel Atlantic,352683,15754,,
1968,Mackerel Atlantic,387757,17128,,
1969,Mackerel Atlantic,248598,11658,,
1970,Mackerel Atlantic,481500,21595,,
1971,Mackerel Atlantic,224691,14192,,
1972,Mackerel Atlantic,91895,14577,,
1973,Mackerel Atlantic,732905,461405,,
1974,Mackerel Atlantic,283602,33868,,
1975,Mackerel Atlantic,144759,21571,,
1976,Mackerel Atlantic,404563,81102,,
1977,Mackerel Atlantic,330366,77963,,
1978,Mackerel Atlantic,483958,97072,,
1979,Mackerel Atlantic,333957,84339,,
1980,Mackerel Atlantic,544472,78971,,
1981,Mackerel Atlantic,395106,71227,,
1982,Mackerel Atlantic,412451,82087,,
1983,Mackerel Atlantic,435638,66134,,
1984,Mackerel Atlantic,159969,30388,,
1985,Mackerel Atlantic,633985,76089,,
1986,Mackerel Atlantic,333442,90190,,
1987,Mackerel Atlantic,315015,76130,,
1988,Mackerel Atlantic,1154843,251898,,
1989,Mackerel Atlantic,2706923,604503,,
1990,Mackerel Atlantic,1860026,408001,,
1991,Mackerel Atlantic,2056007,607019,,
1992,Mackerel Atlantic,115807,21499,,
1993,Mackerel Atlantic,96438,28533,,
1994,Mackerel Atlantic,94380,40145,,
1995,Mackerel Atlantic,64349,24902,,
1996,Mackerel Atlantic,40141,12324,,
1997,Mackerel Atlantic,9250,4088,,
1998,Mackerel Atlantic,9852,5139,,
2002,Mackerel Atlantic,15709,9100,,
2004,Mackerel Atlantic,58152,11808,,
2005,Mackerel Atlantic,84468,13544,,
2006,Mackerel Atlantic,22344,13647,,
2007,Mackerel Atlantic,253643,68227,,
2008,Mackerel Atlantic,481322,73512,,
2009,Mackerel Atlantic,53951,30230,,
2010,Mackerel Atlantic,354472,66040,,
2011,Mackerel Atlantic,198031,34108,,
2012,Mackerel Atlantic,41649,14239,,
2013,Mackerel Atlantic,1025986,164290,,
2014,Mackerel Atlantic,1370579,330501,,
2015,Mackerel Atlantic,1123614,301547,,
2016,Mackerel Atlantic,372938,94302,,
2017,Mackerel Atlantic,1374121,309016,,
2018,Mackerel Atlantic,385936,97573,,
2019,Mackerel Atlantic,560050,165561,,
1950,Pollock,6949800,160091,,
1951,Pollock,5971800,207002,,
1952,Pollock,7052000,189899,,
1953,Pollock,5633900,133446,,
1954,Pollock,4529300,105388,,
1955,Pollock,5415900,125103,,
1956,Pollock,5585600,125044,,
1957,Pollock,3719600,97271,,
1958,Pollock,4364000,141155,,
1959,Pollock,3689000,113174,,
1960,Pollock,3974700,106759,,
1961,Pollock,3206100,103355,,
1962,Pollock,2569000,83318,,
1963,Pollock,2488600,73482,,
1964,Pollock,1321336,44116,,
1965,Pollock,1092640,47162,,
1966,Pollock,1277931,59635,,
1967,Pollock,1095055,54723,,
1968,Pollock,1504416,58103,,
1969,Pollock,1212223,50209,,
1970,Pollock,810966,49378,,
1971,Pollock,890268,55369,,
1972,Pollock,1325834,92823,,
1973,Pollock,2356724,187118,,
1974,Pollock,3594008,328327,,
1975,Pollock,5916759,547344,,
1976,Pollock,7717166,874133,,
1977,Pollock,10685179,1405744,,
1978,Pollock,15466479,2445942,,
1979,Pollock,13139499,2304685,,
1980,Pollock,13512109,2247223,,
1981,Pollock,13712517,2882458,,
1982,Pollock,12005873,2183236,,
1983,Pollock,11113324,1724382,,
1984,Pollock,14512747,2025078,,
1985,Pollock,12387232,1701591,,
1986,Pollock,10947351,2798608,,
1987,Pollock,15560632,6216374,,
1988,Pollock,9774556,3502810,,
1989,Pollock,6140953,2835515,,
1990,Pollock,5664213,2907161,,
1991,Pollock,6972351,3879213,,
1992,Pollock,7523866,5130825,,
1993,Pollock,5573935,3732562,,
1994,Pollock,3074755,2706542,,
1995,Pollock,2904864,2874447,,
1996,Pollock,2598742,1889808,,
1997,Pollock,3373173,1971567,,
1998,Pollock,4672666,3097611,,
1999,Pollock,3567574,3111134,,
2000,Pollock,3955032,3258044,,
2001,Pollock,3446768,2447862,,
2002,Pollock,2958177,2385568,,
2003,Pollock,4084978,2206167,,
2004,Pollock,4190200,2346892,,
2005,Pollock,5258613,3104506,,
2006,Pollock,3678191,2309060,,
2007,Pollock,4249066,2159728,,
2008,Pollock,4063929,2315971,,
2009,Pollock,3040387,2046629,,
2010,Pollock,1640355,1502498,,
2011,Pollock,2324875,1919852,,
2012,Pollock,2665811,2526892,,
2013,Pollock,2226593,2560807,,
2014,Pollock,2318515,2878378,,
2015,Pollock,1381059,1963082,,
2016,Pollock,1049370,1662861,,
2017,Pollock,848136,1182332,,
2018,Pollock,818142,987796,,
2019,Pollock,488179,638582,,
1964,Salmon Atlantic,454,385,,
1965,Salmon Atlantic,208,161,,
1966,Salmon Atlantic,292,236,,
1967,Salmon Atlantic,232,211,,
1968,Salmon Atlantic,61,61,,
1969,Salmon Atlantic,18,18,,
1970,Salmon Atlantic,182,182,,
1972,Salmon Atlantic,100,100,,
1973,Salmon Atlantic,63,69,,
1974,Salmon Atlantic,68,84,,
1975,Salmon Atlantic,269,342,,
1976,Salmon Atlantic,43,69,,
1977,Salmon Atlantic,70,100,,
1978,Salmon Atlantic,474,1115,,
1979,Salmon Atlantic,145,77,,
1980,Salmon Atlantic,126,149,,
1981,Salmon Atlantic,30,90,,
1985,Salmon Atlantic,29,24,,
1990,Salmon Atlantic,4589809,16064331,,
1991,Salmon Atlantic,10370379,30000000,,
1992,Salmon Atlantic,12869672,45315788,,
1993,Salmon Atlantic,14866654,42554384,,
1994,Salmon Atlantic,13511472,35619618,,
1995,Salmon Atlantic,22107550,56686710,,
1996,Salmon Atlantic,22020910,46287953,,
1997,Salmon Atlantic,26964843,49484451,,
1998,Salmon Atlantic,28965124,60438625,,
1999,Salmon Atlantic,26985331,58197870,,
2000,Salmon Atlantic,36049476,78948352,,
2001,Salmon Atlantic,29105536,58211072,,
2002,Salmon Atlantic,14987837,16936256,,
2003,Salmon Atlantic,13243419,28208482,,
2004,Salmon Atlantic,18773038,39986571,,
2005,Salmon Atlantic,11602436,23204872,,
2006,Salmon Atlantic,10303944,20607888,,
2007,Salmon Atlantic,8562278,21405695,,
2008,Salmon Atlantic,19873323,56638971,,
2009,Salmon Atlantic,13211196,36330789,,
2010,Salmon Atlantic,24530940,76781842,,
1950,Wolffish Atlantic,256400,6265,,
1951,Wolffish Atlantic,233000,6253,,
1952,Wolffish Atlantic,193900,5598,,
1953,Wolffish Atlantic,164800,5199,,
1954,Wolffish Atlantic,154400,5722,,
1955,Wolffish Atlantic,133100,4076,,
1956,Wolffish Atlantic,116800,3566,,
1957,Wolffish Atlantic,139300,4191,,
1958,Wolffish Atlantic,100700,3034,,
1959,Wolffish Atlantic,103500,3466,,
1960,Wolffish Atlantic,85200,2581,,
1961,Wolffish Atlantic,49400,1527,,
1962,Wolffish Atlantic,44300,1321,,
1963,Wolffish Atlantic,49000,1561,,
1964,Wolffish Atlantic,25793,875,,
1965,Wolffish Atlantic,41503,1235,,
1966,Wolffish Atlantic,11731,382,,
1967,Wolffish Atlantic,14290,573,,
1968,Wolffish Atlantic,14247,451,,
1969,Wolffish Atlantic,14404,487,,
1970,Wolffish Atlantic,18815,777,,
1971,Wolffish Atlantic,14572,609,,
1972,Wolffish Atlantic,17831,956,,
1973,Wolffish Atlantic,20245,1007,,
1974,Wolffish Atlantic,23305,1429,,
1975,Wolffish Atlantic,29296,2091,,
1976,Wolffish Atlantic,47883,4238,,
1977,Wolffish Atlantic,47512,4390,,
1978,Wolffish Atlantic,128771,12481,,
1979,Wolffish Atlantic,173518,19611,,
1980,Wolffish Atlantic,358116,37444,,
1981,Wolffish Atlantic,338754,48834,,
1982,Wolffish Atlantic,628627,85887,,
1983,Wolffish Atlantic,724235,95378,,
1984,Wolffish Atlantic,668389,93377,,
1985,Wolffish Atlantic,621236,104618,,
1986,Wolffish Atlantic,915751,227648,,
1987,Wolffish Atlantic,738281,284738,,
1988,Wolffish Atlantic,712346,190255,,
1989,Wolffish Atlantic,420390,137747,,
1990,Wolffish Atlantic,246231,85306,,
1991,Wolffish Atlantic,331786,120438,,
1992,Wolffish Atlantic,318923,107721,,
1993,Wolffish Atlantic,356020,112774,,
1994,Wolffish Atlantic,302234,131040,,
1995,Wolffish Atlantic,229302,99832,,
1996,Wolffish Atlantic,168147,87285,,
1997,Wolffish Atlantic,141058,61034,,
1998,Wolffish Atlantic,125835,73391,,
1999,Wolffish Atlantic,119631,61389,,
2000,Wolffish Atlantic,103217,70187,,
2001,Wolffish Atlantic,90368,48767,,
2002,Wolffish Atlantic,66264,43105,,
2003,Wolffish Atlantic,46756,29360,,
2004,Wolffish Atlantic,59463,32725,,
2005,Wolffish Atlantic,65695,38188,,
2006,Wolffish Atlantic,32743,27517,,
2007,Wolffish Atlantic,25177,22199,,
2008,Wolffish Atlantic,12318,11570,,
2009,Wolffish Atlantic,4279,2494,,
1964,Bloodworms,753414,740815,,
1965,Bloodworms,769936,759582,,
1966,Bloodworms,716211,731335,,
1967,Bloodworms,748110,834826,,
1968,Bloodworms,831551,1049581,,
1969,Bloodworms,782002,999787,,
1970,Bloodworms,845404,1215772,,
1971,Bloodworms,808186,1381676,,
1972,Bloodworms,703986,1325895,,
1973,Bloodworms,803158,1744832,,
1974,Bloodworms,712262,1569823,,
1975,Bloodworms,808903,1779266,,
1976,Bloodworms,532401,1255852,,
1977,Bloodworms,396652,1313987,,
1978,Bloodworms,367783,1164688,,
1979,Bloodworms,440092,1434258,,
1980,Bloodworms,461683,1404222,,
1981,Bloodworms,437004,1394341,,
1982,Bloodworms,656696,1962712,,
1983,Bloodworms,580519,2463415,,
1984,Bloodworms,555789,1878826,,
1985,Bloodworms,550559,1882636,,
1986,Bloodworms,530454,2087210,,
1987,Bloodworms,542142,2404139,,
1988,Bloodworms,400139,1932865,,
1989,Bloodworms,447059,2233164,,
1990,Bloodworms,493821,2685408,,
1991,Bloodworms,483428,2456587,,
1992,Bloodworms,478264,2431139,,
1993,Bloodworms,472038,2447724,,
1994,Bloodworms,537594,2796184,,
1995,Bloodworms,384692,2077334,,
1996,Bloodworms,324093,1757221,,
1997,Bloodworms,387374,2131731,,
1998,Bloodworms,492615,2702488,,
1999,Bloodworms,514717,2887769,,
2000,Bloodworms,327189,1592299,,
2001,Bloodworms,644374,4851471,,
2002,Bloodworms,682994,5759384,,
2003,Bloodworms,607070,5468508,,
2004,Bloodworms,617142,7537966,,
2005,Bloodworms,458643,6074860,,
2006,Bloodworms,462428,5177307,,
2007,Bloodworms,549043,6050904,,
2008,Bloodworms,537011,5912663,,
2009,Bloodworms,574300,6196083,,
2010,Bloodworms,534228,5893249,,
2011,Bloodworms,525827,5846963,,
2012,Bloodworms,457037,5190554,,
2013,Bloodworms,470243,5642886,,
2014,Bloodworms,447767,6084513,,
2015,Bloodworms,400895,6333467,,
2016,Bloodworms,413300,6585071,,
2017,Bloodworms,403136,6442499,,
2018,Bloodworms,415037,6658965,,
2019,Bloodworms,393354,6283315,,
1950,Mussel Blue Sea,1905086,11370,,
1951,Mussel Blue Sea,2620006,13472,,
1952,Mussel Blue Sea,1685336,8725,,
1953,Mussel Blue Sea,301204,1301,,
1954,Mussel Blue Sea,477004,2048,,
1955,Mussel Blue Sea,612956,2829,,
1956,Mussel Blue Sea,713162,2170,,
1957,Mussel Blue Sea,227368,4547,,
1958,Mussel Blue Sea,705544,9093,,
1959,Mussel Blue Sea,141226,1705,,
1960,Mussel Blue Sea,291828,2989,,
1961,Mussel Blue Sea,12892,92,,
1962,Mussel Blue Sea,42778,750,,
1963,Mussel Blue Sea,119544,1407,,
1964,Mussel Blue Sea,90303,1024,,
1965,Mussel Blue Sea,185909,3025,,
1966,Mussel Blue Sea,1405164,20364,,
1967,Mussel Blue Sea,2172320,31473,,
1968,Mussel Blue Sea,2281896,30978,,
1969,Mussel Blue Sea,2068170,28625,,
1970,Mussel Blue Sea,1764551,64431,,
1971,Mussel Blue Sea,880219,35051,,
1972,Mussel Blue Sea,1645136,70826,,
1973,Mussel Blue Sea,2575406,116000,,
1974,Mussel Blue Sea,1806802,82626,,
1975,Mussel Blue Sea,3588348,198036,,
1976,Mussel Blue Sea,7050717,344424,,
1977,Mussel Blue Sea,12380527,680309,,
1978,Mussel Blue Sea,16381730,670468,,
1979,Mussel Blue Sea,17582766,716128,,
1980,Mussel Blue Sea,13662807,546415,,
1981,Mussel Blue Sea,17299359,799906,,
1982,Mussel Blue Sea,16987583,834781,,
1983,Mussel Blue Sea,26075271,1407883,,
1984,Mussel Blue Sea,28267404,1668413,,
1985,Mussel Blue Sea,35687300,2079349,,
1986,Mussel Blue Sea,36573291,2306662,,
1987,Mussel Blue Sea,33062636,1940673,,
1988,Mussel Blue Sea,30618137,1848601,,
1989,Mussel Blue Sea,23946685,1408491,,
1990,Mussel Blue Sea,16329623,865895,,
1991,Mussel Blue Sea,13278748,789667,,
1992,Mussel Blue Sea,18086890,1020859,,
1993,Mussel Blue Sea,28549826,1607749,,
1994,Mussel Blue Sea,27732503,1572428,,
1995,Mussel Blue Sea,37675194,2321533,,
1996,Mussel Blue Sea,32887357,2099075,,
1997,Mussel Blue Sea,25479632,1652302,,
1998,Mussel Blue Sea,16379444,1061195,,
1999,Mussel Blue Sea,11202328,728901,,
2000,Mussel Blue Sea,16628863,1037224,,
2001,Mussel Blue Sea,16885930,2774524,,
2002,Mussel Blue Sea,28088685,4116530,,
2003,Mussel Blue Sea,25123338,4487473,,
2004,Mussel Blue Sea,22754462,3216992,,
2005,Mussel Blue Sea,19673702,2625225,,
2006,Mussel Blue Sea,18785460,2715737,,
2007,Mussel Blue Sea,14526646,1934148,,
2008,Mussel Blue Sea,13008281,1622239,,
2009,Mussel Blue Sea,15503462,2191711,,
2010,Mussel Blue Sea,14671387,2067325,,
2011,Mussel Blue Sea,15831725,1969379,,
2012,Mussel Blue Sea,13952165,1929834,,
2013,Mussel Blue Sea,13336775,2341271,,
2014,Mussel Blue Sea,13300428,2152708,,
2015,Mussel Blue Sea,14068699,2460210,,
2016,Mussel Blue Sea,10225824,2422407,,
2017,Mussel Blue Sea,7223321,2125701,,
2018,Mussel Blue Sea,9804542,2738476,,
2019,Mussel Blue Sea,11005719,3345260,,
1950,Crab Unc,1434400,37654,,
1951,Crab Unc,749700,27731,,
1952,Crab Unc,375400,15204,,
1953,Crab Unc,598400,29110,,
1954,Crab Unc,519600,27498,,
1955,Crab Unc,499300,25977,,
1956,Crab Unc,1199700,34797,,
1957,Crab Unc,756400,36462,,
1958,Crab Unc,1210400,45828,,
1959,Crab Unc,1358500,54964,,
1960,Crab Unc,1225300,53636,,
1961,Crab Unc,1579300,58385,,
1962,Crab Unc,1751500,67952,,
1963,Crab Unc,2010900,84522,,
1964,Crab Unc,1914617,78155,,
1965,Crab Unc,1847907,73591,,
1966,Crab Unc,1774188,75111,,
1967,Crab Unc,1678413,75623,,
1968,Crab Unc,1452647,77275,,
1969,Crab Unc,1185061,66460,,
1970,Crab Unc,1571140,89651,,
1971,Crab Unc,789765,52326,,
1972,Crab Unc,753805,63020,,
1973,Crab Unc,1121197,109004,,
1974,Crab Unc,963820,91902,,
1975,Crab Unc,1271164,676706,,
1976,Crab Unc,1143725,101525,,
1977,Crab Unc,1433596,142106,,
1978,Crab Unc,1510374,180474,,
1979,Crab Unc,1344179,213616,,
1980,Crab Unc,1275695,248401,,
1981,Crab Unc,987966,188733,,
1982,Crab Unc,1802225,345681,,
1983,Crab Unc,2042635,445953,,
1984,Crab Unc,2330960,481853,,
1985,Crab Unc,2321353,438486,,
1986,Crab Unc,1862525,383215,,
1987,Crab Unc,3303457,693737,,
1988,Crab Unc,3120498,667531,,
1989,Crab Unc,3433600,839926,,
1990,Crab Unc,3596796,831615,,
1991,Crab Unc,2968451,687576,,
1992,Crab Unc,1930396,540158,,
1993,Crab Unc,2124193,569915,,
1994,Crab Unc,2012073,536073,,
1995,Crab Unc,2193658,658691,,
1996,Crab Unc,1800214,578015,,
1997,Crab Unc,2820385,1002918,,
1998,Crab Unc,3107696,1115038,,
1999,Crab Unc,2752114,952452,,
2000,Crab Unc,5236116,2196336,,
2001,Crab Unc,8060739,3431119,,
2002,Crab Unc,9535876,4101047,,
2003,Crab Unc,6554938,2684181,,
2004,Crab Unc,5861264,2302868,,
2005,Crab Unc,6005511,2330780,,
2006,Crab Unc,4489135,1650630,,
2007,Crab Unc,4768539,1713728,,
2008,Crab Unc,3588539,1295443,,
2009,Crab Unc,3289739,1174027,,
2010,Crab Unc,3231202,1113694,,
2011,Crab Unc,2477058,943612,,
2012,Crab Unc,1725695,709865,,
2013,Crab Unc,1383877,668011,,
2014,Crab Unc,1793245,806618,,
2015,Crab Unc,897994,897994,,
2016,Crab Unc,1028133,1028133,,
2017,Crab Unc,1783173,1783173,,
2018,Crab Unc,2200143,2200143,,
2019,Crab Unc,1462492,1462492,,
1950,Cusk,1576700,61081,,
1951,Cusk,1381600,70804,,
1952,Cusk,1215400,67402,,
1953,Cusk,1010400,51082,,
1954,Cusk,802400,43552,,
1955,Cusk,673200,34065,,
1956,Cusk,442200,23213,,
1957,Cusk,584100,26808,,
1958,Cusk,542100,29186,,
1959,Cusk,595800,30703,,
1960,Cusk,578200,27869,,
1961,Cusk,599400,31245,,
1962,Cusk,609300,31068,,
1963,Cusk,469500,23256,,
1964,Cusk,370009,17807,,
1965,Cusk,285585,16064,,
1966,Cusk,303032,18579,,
1967,Cusk,193685,11493,,
1968,Cusk,130601,7421,,
1969,Cusk,135042,8108,,
1970,Cusk,265796,19389,,
1971,Cusk,309325,23480,,
1972,Cusk,431931,39076,,
1973,Cusk,577701,61213,,
1974,Cusk,632196,76498,,
1975,Cusk,801263,104463,,
1976,Cusk,862122,146919,,
1977,Cusk,999660,162428,,
1978,Cusk,1340754,228278,,
1979,Cusk,1465739,285886,,
1980,Cusk,1607704,294792,,
1981,Cusk,1534456,345903,,
1982,Cusk,1808153,374515,,
1983,Cusk,2194165,458018,,
1984,Cusk,1825810,420284,,
1985,Cusk,2528135,737097,,
1986,Cusk,1671764,755360,,
1987,Cusk,1296544,712653,,
1988,Cusk,1038705,466426,,
1989,Cusk,939618,456563,,
1990,Cusk,932328,442127,,
1991,Cusk,1228670,673464,,
1992,Cusk,1706516,874684,,
1993,Cusk,1936567,1073995,,
1994,Cusk,1501696,863144,,
1995,Cusk,820599,525900,,
1996,Cusk,436846,319183,,
1997,Cusk,548591,323731,,
1998,Cusk,434018,281120,,
1999,Cusk,278923,209378,,
2000,Cusk,187767,130641,,
2001,Cusk,133124,97734,,
2002,Cusk,114408,74497,,
2003,Cusk,78457,47698,,
2004,Cusk,41434,27001,,
2005,Cusk,53098,33822,,
2006,Cusk,49180,41405,,
2007,Cusk,128844,75483,,
2008,Cusk,42116,58272,,
2009,Cusk,20910,14023,,
2011,Cusk,18276,16559,,
2013,Cusk,24564,17618,,
2015,Cusk,18351,10963,,
2016,Cusk,27145,15252,,
2017,Cusk,15664,9749,,
1964,Shark Dogfish,225173,1216,,
1965,Shark Dogfish,377574,2332,,
1966,Shark Dogfish,572394,3510,,
1967,Shark Dogfish,180984,1060,,
1976,Shark Dogfish,944316,39305,,
1977,Shark Dogfish,1747701,72851,,
1978,Shark Dogfish,1426264,71721,,
1979,Shark Dogfish,2313843,150782,,
1980,Shark Dogfish,1364752,93474,,
1981,Shark Dogfish,1137960,108858,,
1982,Shark Dogfish,622885,65234,,
1983,Shark Dogfish,496093,18755,,
1984,Shark Dogfish,1246520,84529,,
1985,Shark Dogfish,903357,57594,,
1986,Shark Dogfish,769712,42309,,
1987,Shark Dogfish,597510,71879,,
1988,Shark Dogfish,481509,59734,,
1989,Shark Dogfish,4879542,430376,,
1990,Shark Dogfish,6365985,745060,,
1991,Shark Dogfish,2016168,188472,,
1992,Shark Dogfish,1719384,203593,,
1993,Shark Dogfish,3524814,509492,,
1994,Shark Dogfish,1813347,264720,,
1995,Shark Dogfish,1663568,338553,,
1996,Shark Dogfish,911048,169093,,
1997,Shark Dogfish,448660,67723,,
1998,Shark Dogfish,273752,45778,,
1999,Shark Dogfish,34811,8448,,
2008,Shark Dogfish,52342,20788,,
2009,Shark Dogfish,593980,114897,,
2010,Shark Dogfish,228646,62899,,
2011,Shark Dogfish,349166,74849,,
2012,Shark Dogfish,226770,42555,,
2013,Shark Dogfish,106610,17945,,
2014,Shark Dogfish,214763,34990,,
2015,Shark Dogfish,20460,3449,,
1994,Elver,7347,404085,,
1995,Elver,16599,3821944,,
1996,Elver,10179,2236400,,
1997,Elver,7360,1536696,,
1998,Elver,14431,2277999,,
1999,Elver,3818,115742,,
2000,Elver,2625,,,
2001,Elver,1687,40731,,
2002,Elver,9654,278278,,
2003,Elver,3325,84068,,
2004,Elver,1282,119614,,
2005,Elver,5476,1299252,,
2006,Elver,6967,427161,,
2007,Elver,3714,1287479,,
2008,Elver,6951,1486353,,
2009,Elver,5199,519569,,
2010,Elver,3158,584851,,
2011,Elver,8585,7653332,,
2012,Elver,21611,40384618,,
2013,Elver,18080,32931077,,
2014,Elver,9690,8474302,,
2015,Elver,5259,11422831,,
2016,Elver,9400,13446828,,
2017,Elver,9343,12166417,,
2018,Elver,9194,21753350,,
2019,Elver,9620,20119194,,
1950,Haddock,7442000,524315,,
1951,Haddock,5267700,386378,,
1952,Haddock,6107700,434702,,
1953,Haddock,5390800,356940,,
1954,Haddock,5554700,393154,,
1955,Haddock,4565800,276116,,
1956,Haddock,4903600,289303,,
1957,Haddock,4667300,310138,,
1958,Haddock,3996900,339874,,
1959,Haddock,3404700,302911,,
1960,Haddock,3834300,290022,,
1961,Haddock,2939900,227065,,
1962,Haddock,2544600,196319,,
1963,Haddock,2876800,245162,,
1964,Haddock,2938645,258723,,
1965,Haddock,1880798,183245,,
1966,Haddock,1773054,173886,,
1967,Haddock,2350353,214500,,
1968,Haddock,1790450,189461,,
1969,Haddock,982248,138945,,
1970,Haddock,1012883,183829,,
1971,Haddock,820721,179384,,
1972,Haddock,491055,164784,,
1973,Haddock,351731,123630,,
1974,Haddock,228594,86661,,
1975,Haddock,775961,276377,,
1976,Haddock,1536968,733125,,
1977,Haddock,2249642,960036,,
1978,Haddock,4638405,1603485,,
1979,Haddock,6246956,2591997,,
1980,Haddock,7124909,2911847,,
1981,Haddock,8181603,3695665,,
1982,Haddock,8249162,4581736,,
1983,Haddock,9000790,5187106,,
1984,Haddock,4823607,3336271,,
1985,Haddock,1860854,1841131,,
1986,Haddock,1147093,1291594,,
1987,Haddock,736904,1001689,,
1988,Haddock,399551,500611,,
1989,Haddock,323371,421002,,
1990,Haddock,382216,447319,,
1991,Haddock,426028,552690,,
1992,Haddock,614050,744651,,
1993,Haddock,316412,458522,,
1994,Haddock,134860,203276,,
1995,Haddock,135360,193208,,
1996,Haddock,227823,277412,,
1997,Haddock,1009813,1070626,,
1998,Haddock,1797740,2237100,,
1999,Haddock,1588904,2124345,,
2000,Haddock,1693310,2335421,,
2001,Haddock,2799221,3354838,,
2002,Haddock,2268490,2740409,,
2003,Haddock,1473814,1717734,,
2004,Haddock,2221859,2241864,,
2005,Haddock,2087138,2371086,,
2006,Haddock,1028739,1612136,,
2007,Haddock,970976,1512558,,
2008,Haddock,1130705,1470127,,
2009,Haddock,162475,216442,,
2010,Haddock,127650,130983,,
2011,Haddock,27895,33810,,
2012,Haddock,56142,102822,,
2013,Haddock,132030,211279,,
2014,Haddock,283823,382278,,
2015,Haddock,403477,572113,,
2016,Haddock,323264,544695,,
2017,Haddock,369681,548579,,
2018,Haddock,657371,763743,,
2019,Haddock,369331,502501,,
1880,Lobster American,14235102,300000,,
1886,Lobster American,23000592,,,
1887,Lobster American,22916817,500000,,
1888,Lobster American,21695469,500000,,
1889,Lobster American,24451219,500000,,
1890,Lobster American,19997927,,,
1892,Lobster American,17643414,700000,,
1897,Lobster American,11210391,800000,,
1898,Lobster American,12268599,900000,,
1899,Lobster American,12718337,1000000,,
1900,Lobster American,14407061,1000000,,
1901,Lobster American,13983778,1000000,,
1902,Lobster American,14323286,1200000,,
1903,Lobster American,13115165,1200000,,
1904,Lobster American,12083413,1100000,,
1905,Lobster American,11137639,1400000,,
1906,Lobster American,14997894,1600000,,
1907,Lobster American,17396499,1900000,,
1908,Lobster American,17636800,1600000,,
1909,Lobster American,16953374,1800000,,
1910,Lobster American,19936198,2100000,,
1911,Lobster American,16188378,2100000,,
1912,Lobster American,16298608,2000000,,
1913,Lobster American,12176006,1600000,,
1914,Lobster American,12949820,1700000,,
1915,Lobster American,11536672,2300000,,
1916,Lobster American,10154388,2200000,,
1919,Lobster American,5793689,1400000,,
1924,Lobster American,5513705,1800000,,
1928,Lobster American,7101017,2000000,,
1929,Lobster American,6620414,2000000,,
1930,Lobster American,7751374,2000000,,
1931,Lobster American,5365996,1300000,,
1932,Lobster American,6056036,1100000,,
1933,Lobster American,5897305,1000000,,
1934,Lobster American,5377019,900000,,
1935,Lobster American,7687440,1800000,,
1936,Lobster American,5121286,900000,,
1937,Lobster American,7347932,1400000,,
1938,Lobster American,7658780,,,
1939,Lobster American,6624823,1000000,,
1940,Lobster American,7644735,1300000,,
1941,Lobster American,8939070,1600000,,
1942,Lobster American,8405460,1800000,,
1943,Lobster American,11470410,2900000,,
1944,Lobster American,14059080,4000000,,
1945,Lobster American,19132785,7700000,,
1946,Lobster American,18779985,7200000,,
1947,Lobster American,18279450,6800000,,
1948,Lobster American,15926715,6400000,,
1949,Lobster American,19276110,6700000,,
1950,Lobster American,18352600,6412311,,
1951,Lobster American,20759500,7214107,,
1952,Lobster American,20036300,8511821,,
1953,Lobster American,22300300,8411229,,
1954,Lobster American,21667700,8087156,,
1955,Lobster American,22718100,8716012,,
1956,Lobster American,20572300,9119807,,
1957,Lobster American,24402800,8954234,,
1958,Lobster American,21312000,10445004,,
1959,Lobster American,22328800,11252686,,
1960,Lobster American,24014200,10967018,,
1961,Lobster American,20917900,11119803,,
1962,Lobster American,22075300,11195609,,
1963,Lobster American,22804300,12635826,,
1964,Lobster American,20920697,13878286,,
1965,Lobster American,18861785,14177204,,
1966,Lobster American,19915816,14904498,,
1967,Lobster American,16489196,13597869,,
1968,Lobster American,20501732,14931671,,
1969,Lobster American,19834780,16046829,,
1970,Lobster American,18172269,17201501,,
1971,Lobster American,17558351,17481291,,
1972,Lobster American,16256467,18587455,,
1973,Lobster American,17044194,23269859,,
1974,Lobster American,16457666,23212808,,
1975,Lobster American,16515588,26520134,,
1976,Lobster American,19001053,29238371,,
1977,Lobster American,18487138,32101423,,
1978,Lobster American,19130459,33878376,,
1979,Lobster American,22133235,39900632,,
1980,Lobster American,21986894,41729114,,
1981,Lobster American,22631614,47236923,,
1982,Lobster American,22730253,50343596,,
1983,Lobster American,21976555,51234291,,
1984,Lobster American,19545682,49298135,,
1985,Lobster American,20125177,45035558,,
1986,Lobster American,19704317,46171224,,
1987,Lobster American,19747766,54548137,,
1988,Lobster American,21739067,60742438,,
1989,Lobster American,23368719,59552211,,
1990,Lobster American,28068238,61627973,,
1991,Lobster American,30788646,72265347,,
1992,Lobster American,26830448,71822699,,
1993,Lobster American,29926464,73863438,,
1994,Lobster American,38948867,100936678,,
1995,Lobster American,37208324,101893173,,
1996,Lobster American,36083443,106980557,,
2003,Lobster American,54970948,205715329,,
2004,Lobster American,71574244,289078847,,
2005,Lobster American,68729861,317948336,,
2006,Lobster American,75345827,305439420,,
2007,Lobster American,63975958,280648419,,
2008,Lobster American,69908504,245150026,,
2009,Lobster American,81174638,237536890,,
2010,Lobster American,96208772,318052441,,
2011,Lobster American,104924728,334539734,,
2012,Lobster American,127321422,342079520,,
2013,Lobster American,127808436,370383982,,
2014,Lobster American,124325923,459508386,,
2015,Lobster American,122663393,502450309,,
2016,Lobster American,132490774,540183010,,
2017,Lobster American,111982334,438515983,,
2018,Lobster American,121321163,491586857,,
2019,Lobster American,100725013,485405036,,
1997,Lobster American,47023271,138292438,,
1998,Lobster American,47036836,137189341,,
1999,Lobster American,53494418,184614071,,
2000,Lobster American,57215406,187714817,,
2001,Lobster American,48617693,153982266,,
2002,Lobster American,63625745,210950030,,
1984,Clam Ocean Quahog,3861,364,,
1986,Clam Ocean Quahog,11301100,2398465,,
1987,Clam Ocean Quahog,8324732,2331780,,
1988,Clam Ocean Quahog,7990888,1839641,,
1989,Clam Ocean Quahog,5007142,1652571,,
1990,Clam Ocean Quahog,4649413,1524103,,
1991,Clam Ocean Quahog,3004765,1493320,,
1992,Clam Ocean Quahog,3003245,1517591,,
1993,Clam Ocean Quahog,2062499,894072,,
1994,Clam Ocean Quahog,1955391,907580,,
1995,Clam Ocean Quahog,4036436,1690604,,
1996,Clam Ocean Quahog,5139763,1931135,,
1997,Clam Ocean Quahog,6221916,1977875,,
1998,Clam Ocean Quahog,6003241,1820877,,
1999,Clam Ocean Quahog,7821101,2611008,,
2000,Clam Ocean Quahog,9967482,3309823,,
2001,Clam Ocean Quahog,8932856,3499465,,
2002,Clam Ocean Quahog,10619109,4747959,,
2003,Clam Ocean Quahog,9847163,4480242,,
2004,Clam Ocean Quahog,8356188,3842468,,
2005,Clam Ocean Quahog,8260035,3606500,,
2006,Clam Ocean Quahog,10012106,3919276,,
2007,Clam Ocean Quahog,8415940,3226865,,
2008,Clam Ocean Quahog,5523284,2195241,,
2009,Clam Ocean Quahog,4591348,1820965,,
2010,Clam Ocean Quahog,4659006,1787292,,
2011,Clam Ocean Quahog,5324163,2116816,,
2012,Clam Ocean Quahog,5760725,1736987,,
2013,Clam Ocean Quahog,4845781,1436750,,
2014,Clam Ocean Quahog,3804172,1313622,,
2015,Clam Ocean Quahog,3433117,1310964,,
2016,Clam Ocean Quahog,3028916,1298591,,
2017,Clam Ocean Quahog,2850532,1202528,,
2018,Clam Ocean Quahog,2434542,1072330,,
2019,Clam Ocean Quahog,1123956,522598,,
1950,Menhaden Atlantic,490000,2511,,
1951,Menhaden Atlantic,1514300,8610,,
1952,Menhaden Atlantic,604600,6056,,
1953,Menhaden Atlantic,2184000,26083,,
1954,Menhaden Atlantic,5876400,47172,,
1955,Menhaden Atlantic,4016100,42206,,
1956,Menhaden Atlantic,1216400,15347,,
1957,Menhaden Atlantic,273400,3418,,
1960,Menhaden Atlantic,35000,625,,
1973,Menhaden Atlantic,6935560,143693,,
1974,Menhaden Atlantic,10148600,155089,,
1975,Menhaden Atlantic,13958267,195416,,
1976,Menhaden Atlantic,17552625,299775,,
1977,Menhaden Atlantic,3289978,71062,,
1978,Menhaden Atlantic,6959870,173996,,
1979,Menhaden Atlantic,30005240,759979,,
1980,Menhaden Atlantic,18805780,450475,,
1981,Menhaden Atlantic,12264062,292475,,
1982,Menhaden Atlantic,47894630,968487,,
1983,Menhaden Atlantic,42448063,845981,,
1984,Menhaden Atlantic,17805930,401679,,
1985,Menhaden Atlantic,33192713,677403,,
1986,Menhaden Atlantic,22614500,380826,,
1987,Menhaden Atlantic,18668660,347500,,
1988,Menhaden Atlantic,19687805,411669,,
1989,Menhaden Atlantic,380619,9231,,
1990,Menhaden Atlantic,5744597,484590,,
1991,Menhaden Atlantic,16107463,1263781,,
1992,Menhaden Atlantic,14857195,910046,,
1993,Menhaden Atlantic,19520455,1338385,,
2008,Menhaden Atlantic,4310055,440636,,
2009,Menhaden Atlantic,166942,21482,,
2016,Menhaden Atlantic,6133104,1938050,,
2017,Menhaden Atlantic,8921075,3184836,,
2018,Menhaden Atlantic,14724341,4417299,,
2019,Menhaden Atlantic,21524536,5833088,,
1964,Clam Northern Quahog / Hard,17265,1764,,
1965,Clam Northern Quahog / Hard,19114,2074,,
1966,Clam Northern Quahog / Hard,248,15,,
1968,Clam Northern Quahog / Hard,5873,668,,
1969,Clam Northern Quahog / Hard,67207,9762,,
1970,Clam Northern Quahog / Hard,60846,9367,,
1971,Clam Northern Quahog / Hard,48026,7994,,
1972,Clam Northern Quahog / Hard,51466,7475,,
1973,Clam Northern Quahog / Hard,23409,2943,,
1974,Clam Northern Quahog / Hard,1577,169,,
1975,Clam Northern Quahog / Hard,62536,16395,,
1976,Clam Northern Quahog / Hard,20840,5460,,
1977,Clam Northern Quahog / Hard,10364,3220,,
1978,Clam Northern Quahog / Hard,6872,2600,,
1979,Clam Northern Quahog / Hard,4544,2200,,
1980,Clam Northern Quahog / Hard,4130,1750,,
1981,Clam Northern Quahog / Hard,1652,650,,
1987,Clam Northern Quahog / Hard,1555223,508303,,
1988,Clam Northern Quahog / Hard,5700,2411,,
1990,Clam Northern Quahog / Hard,10436,3082,,
1991,Clam Northern Quahog / Hard,331,111,,
1993,Clam Northern Quahog / Hard,51158,20520,,
1994,Clam Northern Quahog / Hard,1044,455,,
1996,Clam Northern Quahog / Hard,2981,1191,,
1997,Clam Northern Quahog / Hard,106508,42544,,
1998,Clam Northern Quahog / Hard,249191,99552,,
1999,Clam Northern Quahog / Hard,36875,14727,,
2000,Clam Northern Quahog / Hard,124989,49929,,
2001,Clam Northern Quahog / Hard,616069,579104,,
2002,Clam Northern Quahog / Hard,51032,47973,,
2003,Clam Northern Quahog / Hard,17529,16355,,
2004,Clam Northern Quahog / Hard,20586,10138,,
2005,Clam Northern Quahog / Hard,117315,173342,,
2006,Clam Northern Quahog / Hard,352409,476369,,
2007,Clam Northern Quahog / Hard,65423,44966,,
2008,Clam Northern Quahog / Hard,107268,82648,,
2009,Clam Northern Quahog / Hard,681243,468741,,
2010,Clam Northern Quahog / Hard,1812798,1248492,,
2011,Clam Northern Quahog / Hard,454106,414921,,
2012,Clam Northern Quahog / Hard,419792,395657,,
2013,Clam Northern Quahog / Hard,516155,502285,,
2014,Clam Northern Quahog / Hard,971908,1072724,,
2015,Clam Northern Quahog / Hard,1013067,1363417,,
2016,Clam Northern Quahog / Hard,988577,1411164,,
2017,Clam Northern Quahog / Hard,1183587,1744193,,
2018,Clam Northern Quahog / Hard,1638852,2657025,,
2019,Clam Northern Quahog / Hard,2076377,3761074,,
1962,Shrimp Northern,351700,51513,,
1963,Shrimp Northern,538500,63886,,
1964,Shrimp Northern,924667,111626,,
1965,Shrimp Northern,2087722,244870,,
1966,Shrimp Northern,3831207,541669,,
1967,Shrimp Northern,6925058,864974,,
1968,Shrimp Northern,14363251,1589973,,
1969,Shrimp Northern,24235340,3044948,,
1970,Shrimp Northern,17003828,3511198,,
1971,Shrimp Northern,18419121,3670814,,
1972,Shrimp Northern,16568982,3231997,,
1973,Shrimp Northern,12073851,3555365,,
1974,Shrimp Northern,9770732,3465764,,
1975,Shrimp Northern,7004288,1937652,,
1976,Shrimp Northern,1360650,487812,,
1977,Shrimp Northern,326178,161887,,
1978,Shrimp Northern,125,12,,
1979,Shrimp Northern,72424,50880,,
1980,Shrimp Northern,153419,126096,,
1981,Shrimp Northern,1165654,843245,,
1982,Shrimp Northern,1946696,1301828,,
1983,Shrimp Northern,2268797,1680919,,
1984,Shrimp Northern,5654203,2783600,,
1985,Shrimp Northern,6518815,2917464,,
1986,Shrimp Northern,7511716,4801995,,
1987,Shrimp Northern,7791485,8887484,,
1988,Shrimp Northern,5009646,5677376,,
1989,Shrimp Northern,5605200,5597595,,
1990,Shrimp Northern,6530201,4828693,,
1991,Shrimp Northern,5360476,5096525,,
1992,Shrimp Northern,6554976,6540444,,
1993,Shrimp Northern,3445933,3724663,,
1994,Shrimp Northern,6206899,5104039,,
1995,Shrimp Northern,11879061,10674287,,
1996,Shrimp Northern,17995935,12924557,,
1997,Shrimp Northern,11948087,9730427,,
1998,Shrimp Northern,6724113,6450877,,
1999,Shrimp Northern,3292525,3158232,,
2000,Shrimp Northern,4597269,3647390,,
2001,Shrimp Northern,1988301,1796216,,
2002,Shrimp Northern,845984,906447,,
2003,Shrimp Northern,2142527,1855771,,
2004,Shrimp Northern,2389653,1040261,,
2005,Shrimp Northern,3519216,1961655,,
2006,Shrimp Northern,4356631,1571609,,
2007,Shrimp Northern,7458808,2931917,,
2008,Shrimp Northern,8491782,4166412,,
2009,Shrimp Northern,4792021,1926048,,
2010,Shrimp Northern,12272114,6660005,,
2011,Shrimp Northern,10132077,7627447,,
2012,Shrimp Northern,4817110,4597633,,
2013,Shrimp Northern,563313,1008766,,
1964,Oysters,22469,1201,,
1965,Oysters,14145,1100,,
1966,Oysters,62100,4972,,
1967,Oysters,61828,4432,,
1968,Oysters,5368,470,,
1986,Oysters,130536,169361,,
1987,Oysters,953645,326132,,
1988,Oysters,1294072,547768,,
1989,Oysters,1353787,863774,,
1990,Oysters,4825762,1736264,,
1991,Oysters,957244,607937,,
1992,Oysters,585296,183439,,
1993,Oysters,893360,240800,,
1994,Oysters,676723,169262,,
1995,Oysters,542996,146808,,
1996,Oysters,320679,104119,,
1997,Oysters,130605,76771,,
1998,Oysters,349404,181881,,
1999,Oysters,475868,187713,,
2000,Oysters,473091,165560,,
2001,Oysters,271049,546486,,
2002,Oysters,312729,659896,,
2003,Oysters,314333,613586,,
2004,Oysters,488523,1003670,,
2005,Oysters,525747,1050731,,
2006,Oysters,706265,1440990,,
2007,Oysters,722361,1568801,,
2008,Oysters,757570,1646150,,
2009,Oysters,803048,1735406,,
2010,Oysters,1098314,2092682,,
2011,Oysters,603415,1259399,,
2012,Oysters,700807,1652380,,
2013,Oysters,966167,2417546,,
2014,Oysters,1179451,3065016,,
2015,Oysters,1845250,4491791,,
2016,Oysters,2081782,5013725,,
2017,Oysters,2800178,6679667,,
2018,Oysters,2790213,7286107,,
2019,Oysters,3251124,7622441,,
1950,Periwinkles Atlantic (Cockles),13344,1035,,
1951,Periwinkles Atlantic (Cockles),13344,1057,,
1952,Periwinkles Atlantic (Cockles),19599,1473,,
1953,Periwinkles Atlantic (Cockles),44619,3092,,
1954,Periwinkles Atlantic (Cockles),23352,1767,,
1955,Periwinkles Atlantic (Cockles),32943,2606,,
1956,Periwinkles Atlantic (Cockles),111339,8118,,
1957,Periwinkles Atlantic (Cockles),79230,6508,,
1958,Periwinkles Atlantic (Cockles),127602,10584,,
1959,Periwinkles Atlantic (Cockles),143031,11090,,
1960,Periwinkles Atlantic (Cockles),133440,10022,,
1961,Periwinkles Atlantic (Cockles),140529,10274,,
1962,Periwinkles Atlantic (Cockles),145533,10674,,
1963,Periwinkles Atlantic (Cockles),142197,10704,,
1964,Periwinkles Atlantic (Cockles),200552,12886,,
1965,Periwinkles Atlantic (Cockles),212824,11806,,
1966,Periwinkles Atlantic (Cockles),215531,13209,,
1967,Periwinkles Atlantic (Cockles),225797,13596,,
1968,Periwinkles Atlantic (Cockles),186057,11240,,
1969,Periwinkles Atlantic (Cockles),179489,9455,,
1970,Periwinkles Atlantic (Cockles),165053,9608,,
1971,Periwinkles Atlantic (Cockles),118478,15004,,
1972,Periwinkles Atlantic (Cockles),123778,29952,,
1973,Periwinkles Atlantic (Cockles),116172,28392,,
1974,Periwinkles Atlantic (Cockles),141605,31515,,
1975,Periwinkles Atlantic (Cockles),134603,29928,,
1976,Periwinkles Atlantic (Cockles),159957,35770,,
1977,Periwinkles Atlantic (Cockles),81465,17767,,
1978,Periwinkles Atlantic (Cockles),28861,6782,,
1979,Periwinkles Atlantic (Cockles),30791,7451,,
1980,Periwinkles Atlantic (Cockles),97570,28090,,
1981,Periwinkles Atlantic (Cockles),338266,111716,,
1982,Periwinkles Atlantic (Cockles),147647,48850,,
1983,Periwinkles Atlantic (Cockles),179890,71087,,
1984,Periwinkles Atlantic (Cockles),77745,28034,,
1985,Periwinkles Atlantic (Cockles),36742,16520,,
1986,Periwinkles Atlantic (Cockles),13344,5012,,
1987,Periwinkles Atlantic (Cockles),782930,194254,,
1988,Periwinkles Atlantic (Cockles),1486618,379571,,
1989,Periwinkles Atlantic (Cockles),3827560,1343318,,
1990,Periwinkles Atlantic (Cockles),1446794,550119,,
1991,Periwinkles Atlantic (Cockles),1502084,606331,,
1992,Periwinkles Atlantic (Cockles),1374565,546038,,
1993,Periwinkles Atlantic (Cockles),847181,356748,,
1994,Periwinkles Atlantic (Cockles),432612,190719,,
1995,Periwinkles Atlantic (Cockles),259491,139654,,
1996,Periwinkles Atlantic (Cockles),348203,168851,,
1997,Periwinkles Atlantic (Cockles),250909,128902,,
1998,Periwinkles Atlantic (Cockles),361606,190384,,
1999,Periwinkles Atlantic (Cockles),477907,247201,,
2000,Periwinkles Atlantic (Cockles),461915,236901,,
2001,Periwinkles Atlantic (Cockles),1618535,202207,,
2002,Periwinkles Atlantic (Cockles),567833,359664,,
2003,Periwinkles Atlantic (Cockles),483916,212031,,
2004,Periwinkles Atlantic (Cockles),381929,277909,,
2005,Periwinkles Atlantic (Cockles),446166,340254,,
2006,Periwinkles Atlantic (Cockles),339151,266979,,
2007,Periwinkles Atlantic (Cockles),457497,342179,,
2008,Periwinkles Atlantic (Cockles),844799,703950,,
2009,Periwinkles Atlantic (Cockles),1086689,889458,,
2010,Periwinkles Atlantic (Cockles),1105981,1054250,,
2011,Periwinkles Atlantic (Cockles),940969,862556,,
2012,Periwinkles Atlantic (Cockles),928981,841201,,
2013,Periwinkles Atlantic (Cockles),969421,898708,,
2014,Periwinkles Atlantic (Cockles),827291,794577,,
2015,Periwinkles Atlantic (Cockles),741449,782782,,
2016,Periwinkles Atlantic (Cockles),732319,737872,,
2017,Periwinkles Atlantic (Cockles),728733,745474,,
2018,Periwinkles Atlantic (Cockles),664847,638593,,
2019,Periwinkles Atlantic (Cockles),574005,600087,,
2001,Rockweed,4760078,84138,,
2002,Rockweed,5669067,99681,,
2003,Rockweed,3276511,57339,,
2004,Rockweed,3032871,53045,,
2005,Rockweed,4280734,74913,,
2006,Rockweed,7124677,142494,,
2007,Rockweed,6775612,135512,,
2008,Rockweed,11654227,233085,,
2009,Rockweed,11090274,332708,,
2010,Rockweed,12676252,380288,,
2011,Rockweed,14735164,442055,,
2012,Rockweed,14625667,438770,,
2013,Rockweed,16786501,503595,,
2014,Rockweed,16282440,561824,,
2015,Rockweed,14981702,515916,,
2016,Rockweed,17367229,557490,,
2017,Rockweed,20355995,657508,,
2018,Rockweed,23189252,874009,,
2019,Rockweed,14793321,590927,,
1950,Sandworms,56900,37158,,
1951,Sandworms,146700,88412,,
1952,Sandworms,157200,91109,,
1953,Sandworms,243600,148499,,
1954,Sandworms,284100,167196,,
1955,Sandworms,179400,110283,,
1956,Sandworms,282800,177672,,
1957,Sandworms,290900,214344,,
1958,Sandworms,269100,193853,,
1959,Sandworms,538700,334285,,
1960,Sandworms,612900,365850,,
1961,Sandworms,643000,387066,,
1962,Sandworms,677700,421267,,
1963,Sandworms,813300,506578,,
1964,Sandworms,772360,450544,,
1965,Sandworms,738635,447341,,
1966,Sandworms,796196,509018,,
1967,Sandworms,706435,492384,,
1968,Sandworms,695828,533358,,
1969,Sandworms,672860,523836,,
1970,Sandworms,746931,621474,,
1971,Sandworms,752880,674296,,
1972,Sandworms,697158,625848,,
1973,Sandworms,953387,1060402,,
1974,Sandworms,822180,949956,,
1975,Sandworms,748376,862854,,
1976,Sandworms,697865,812318,,
1977,Sandworms,737638,1000432,,
1978,Sandworms,748428,1075409,,
1979,Sandworms,744400,1109292,,
1980,Sandworms,725058,1094535,,
1981,Sandworms,744596,1235706,,
1982,Sandworms,779869,1248808,,
1983,Sandworms,725992,1167041,,
1984,Sandworms,664040,1069135,,
1985,Sandworms,634370,1021061,,
1986,Sandworms,533487,924448,,
1987,Sandworms,498744,970462,,
1988,Sandworms,458463,916942,,
1989,Sandworms,476262,1009749,,
1990,Sandworms,510669,1239837,,
1991,Sandworms,494084,1189773,,
1992,Sandworms,411693,971129,,
1993,Sandworms,410622,1005814,,
1994,Sandworms,347206,1008884,,
1995,Sandworms,225056,794405,,
1996,Sandworms,173234,651526,,
1997,Sandworms,103683,373508,,
1998,Sandworms,167600,652316,,
1999,Sandworms,242320,1068319,,
2000,Sandworms,118117,544582,,
2001,Sandworms,453873,2004339,,
2002,Sandworms,434624,2199761,,
2003,Sandworms,408052,2014855,,
2004,Sandworms,376916,1833286,,
2005,Sandworms,438924,2251754,,
2006,Sandworms,328492,1729935,,
2007,Sandworms,395115,2142427,,
2008,Sandworms,278422,1494747,,
2009,Sandworms,299082,1596916,,
2010,Sandworms,269473,1444510,,
2011,Sandworms,246718,1282544,,
2012,Sandworms,243839,1363971,,
2013,Sandworms,255440,1371262,,
2014,Sandworms,222379,1430051,,
2015,Sandworms,206064,1564637,,
2016,Sandworms,209478,1595069,,
2017,Sandworms,201542,1533774,,
2018,Sandworms,196532,1487826,,
2019,Sandworms,208594,1584965,,
1990,Cucumber Sea,6300,1100,,
1991,Cucumber Sea,709,410,,
1994,Cucumber Sea,3317508,216728,,
1995,Cucumber Sea,1895162,128535,,
1996,Cucumber Sea,2840388,176004,,
1997,Cucumber Sea,1068000,66821,,
1998,Cucumber Sea,5304749,249656,,
1999,Cucumber Sea,7724174,491403,,
2000,Cucumber Sea,9500304,545445,,
2001,Cucumber Sea,2516500,126094,,
2002,Cucumber Sea,6431200,325004,,
2003,Cucumber Sea,9945710,562166,,
2004,Cucumber Sea,10212950,510648,,
2005,Cucumber Sea,8567468,656313,,
2006,Cucumber Sea,8770305,438515,,
2007,Cucumber Sea,6586806,783830,,
2008,Cucumber Sea,4310528,707302,,
2013,Cucumber Sea,1070020,307581,,
2014,Cucumber Sea,487480,161974,,
1950,Scallop Sea,4371584,215725,,
1951,Scallop Sea,5637744,310530,,
1952,Scallop Sea,12460014,852460,,
1953,Scallop Sea,14137676,786673,,
1954,Scallop Sea,5895141,334241,,
1955,Scallop Sea,9276288,580541,,
1956,Scallop Sea,8079267,518437,,
1957,Scallop Sea,6208349,369439,,
1958,Scallop Sea,3281187,191611,,
1959,Scallop Sea,9442055,575476,,
1960,Scallop Sea,15621249,658103,,
1961,Scallop Sea,22825033,1025375,,
1962,Scallop Sea,18071102,876350,,
1963,Scallop Sea,9879380,547923,,
1964,Scallop Sea,7637710,501752,,
1965,Scallop Sea,3450161,288570,,
1966,Scallop Sea,2661477,181155,,
1967,Scallop Sea,1568581,150511,,
1968,Scallop Sea,1827577,217345,,
1969,Scallop Sea,1264960,154913,,
1970,Scallop Sea,1498359,215875,,
1971,Scallop Sea,3225018,563859,,
1972,Scallop Sea,8057976,1705110,,
1973,Scallop Sea,6693763,1472120,,
1974,Scallop Sea,3709266,722672,,
1975,Scallop Sea,13280852,3020035,,
1976,Scallop Sea,5243352,1351808,,
1977,Scallop Sea,3288359,754823,,
1978,Scallop Sea,7556435,2243066,,
1979,Scallop Sea,9693163,3878413,,
1980,Scallop Sea,26785390,10685857,,
1981,Scallop Sea,31767996,15245802,,
1982,Scallop Sea,13308133,6295185,,
1983,Scallop Sea,16455590,10881368,,
1984,Scallop Sea,13433399,9436604,,
1985,Scallop Sea,6762136,4523790,,
1986,Scallop Sea,6005588,4160510,,
1987,Scallop Sea,10320137,5950167,,
1988,Scallop Sea,10918423,5285634,,
1989,Scallop Sea,11691380,6109926,,
1990,Scallop Sea,10960389,5977003,,
1991,Scallop Sea,13157876,7145576,,
1992,Scallop Sea,11827259,7344691,,
1993,Scallop Sea,13047454,9928679,,
1994,Scallop Sea,8859855,6929624,,
1995,Scallop Sea,9808625,7323742,,
1996,Scallop Sea,8399381,6830362,,
1997,Scallop Sea,7539791,6760856,,
1998,Scallop Sea,6426353,5689669,,
1999,Scallop Sea,5345294,4374908,,
2000,Scallop Sea,5485871,3883690,,
2001,Scallop Sea,1762278,1159421,,
2002,Scallop Sea,2902755,1959314,,
2003,Scallop Sea,1098302,736969,,
2004,Scallop Sea,453260,218005,,
2005,Scallop Sea,276065,272703,,
2006,Scallop Sea,1296852,1258306,,
2007,Scallop Sea,1475166,1408676,,
2008,Scallop Sea,1137514,1014667,,
2009,Scallop Sea,665758,592386,,
2010,Scallop Sea,1613959,1547293,,
2011,Scallop Sea,1458715,1747931,,
2012,Scallop Sea,2436324,3249737,,
2013,Scallop Sea,4213627,5655084,,
2014,Scallop Sea,5042648,7672578,,
2015,Scallop Sea,4104232,6267752,,
2016,Scallop Sea,4595208,7065158,,
2017,Scallop Sea,6633255,9354050,,
2018,Scallop Sea,5161193,6506289,,
2019,Scallop Sea,3463761,4359123,,
1964,Sea Urchins Green,120908,3377,,
1965,Sea Urchins Green,126047,2987,,
1966,Sea Urchins Green,142995,4193,,
1967,Sea Urchins Green,110565,2908,,
1968,Sea Urchins Green,82700,3180,,
1969,Sea Urchins Green,80972,5700,,
1970,Sea Urchins Green,60200,3512,,
1971,Sea Urchins Green,52105,4225,,
1972,Sea Urchins Green,49610,3837,,
1973,Sea Urchins Green,128398,9078,,
1974,Sea Urchins Green,46725,3365,,
1975,Sea Urchins Green,41973,2752,,
1976,Sea Urchins Green,36094,2234,,
1977,Sea Urchins Green,57402,7328,,
1978,Sea Urchins Green,7974,859,,
1979,Sea Urchins Green,3008,306,,
1980,Sea Urchins Green,33300,2391,,
1981,Sea Urchins Green,3656,420,,
1984,Sea Urchins Green,50790,4056,,
1987,Sea Urchins Green,1440161,236391,,
1988,Sea Urchins Green,6221604,1758805,,
1989,Sea Urchins Green,9425926,3608475,,
1990,Sea Urchins Green,13458662,6045618,,
1991,Sea Urchins Green,20535411,11158425,,
1992,Sea Urchins Green,26437638,15148449,,
1993,Sea Urchins Green,41625409,26816313,,
1994,Sea Urchins Green,38296612,33083336,,
1995,Sea Urchins Green,34268592,35604275,,
1996,Sea Urchins Green,25743011,28778169,,
1997,Sea Urchins Green,19489013,21256800,,
1998,Sea Urchins Green,15053868,17072498,,
1999,Sea Urchins Green,15435286,20300142,,
2000,Sea Urchins Green,12897897,17739333,,
2001,Sea Urchins Green,10048198,12969562,,
2002,Sea Urchins Green,6321232,7657398,,
2003,Sea Urchins Green,5962668,8569109,,
2004,Sea Urchins Green,5741945,7865930,,
2005,Sea Urchins Green,3517048,5142213,,
2006,Sea Urchins Green,3371761,4741065,,
2007,Sea Urchins Green,2765778,4377512,,
2008,Sea Urchins Green,3058114,5645829,,
2009,Sea Urchins Green,3486741,5866376,,
2010,Sea Urchins Green,2591516,5489826,,
2011,Sea Urchins Green,2407074,5113355,,
2012,Sea Urchins Green,1903922,5024329,,
2013,Sea Urchins Green,1987929,5781216,,
2014,Sea Urchins Green,1958303,5281916,,
2015,Sea Urchins Green,1950569,5386788,,
2016,Sea Urchins Green,2058313,6619335,,
2017,Sea Urchins Green,1952462,6104971,,
2018,Sea Urchins Green,2043325,6206944,,
2019,Sea Urchins Green,1706781,5835917,,
1964,Seaweed Unc,2495000,43663,,
1965,Seaweed Unc,2895000,50663,,
1966,Seaweed Unc,2440000,45002,,
1967,Seaweed Unc,3180000,55650,,
1968,Seaweed Unc,5100000,153000,,
1970,Seaweed Unc,2537500,76125,,
1971,Seaweed Unc,470000,14100,,
1972,Seaweed Unc,325000,8938,,
1973,Seaweed Unc,852000,26900,,
1974,Seaweed Unc,2736000,109440,,
1975,Seaweed Unc,2330000,93200,,
1976,Seaweed Unc,4000000,160000,,
1977,Seaweed Unc,2069440,109378,,
1978,Seaweed Unc,1215924,85899,,
1979,Seaweed Unc,890000,51400,,
1980,Seaweed Unc,1010000,60600,,
1981,Seaweed Unc,560000,35000,,
1989,Seaweed Unc,6562884,328144,,
1990,Seaweed Unc,144517,10679,,
1991,Seaweed Unc,4373161,799528,,
1992,Seaweed Unc,743402,53047,,
1993,Seaweed Unc,793639,101321,,
1994,Seaweed Unc,737827,80259,,
1995,Seaweed Unc,528587,88471,,
1996,Seaweed Unc,577130,133918,,
1997,Seaweed Unc,1242204,227234,,
1998,Seaweed Unc,1550133,194698,,
1999,Seaweed Unc,178470,70868,,
2000,Seaweed Unc,131147,84384,,
2001,Seaweed Unc,5043837,220046,,
2002,Seaweed Unc,5813662,177857,,
2003,Seaweed Unc,3600651,189974,,
2004,Seaweed Unc,3597921,202485,,
2005,Seaweed Unc,4853899,207184,,
2006,Seaweed Unc,7578136,254656,,
2007,Seaweed Unc,7250035,269287,,
2008,Seaweed Unc,12224350,373006,,
2009,Seaweed Unc,11621922,490258,,
2010,Seaweed Unc,12963556,455643,,
2011,Seaweed Unc,15164508,641991,,
2012,Seaweed Unc,15109944,598351,,
2013,Seaweed Unc,17941352,664795,,
2014,Seaweed Unc,16330572,583301,,
2015,Seaweed Unc,15016829,531098,,
2016,Seaweed Unc,17462819,616578,,
2017,Seaweed Unc,20577355,807711,,
2018,Seaweed Unc,23322594,974981,,
2019,Seaweed Unc,15196753,855068,,
1964,Hake Silver (Whiting),25349929,373502,,
1965,Hake Silver (Whiting),27834209,486031,,
1966,Hake Silver (Whiting),29497234,1134774,,
1967,Hake Silver (Whiting),20678605,503128,,
1968,Hake Silver (Whiting),28809976,813398,,
1969,Hake Silver (Whiting),17889677,801872,,
1970,Hake Silver (Whiting),14837350,1184193,,
1971,Hake Silver (Whiting),9900355,479651,,
1972,Hake Silver (Whiting),4094666,330938,,
1973,Hake Silver (Whiting),5517104,299263,,
1974,Hake Silver (Whiting),2868904,174647,,
1975,Hake Silver (Whiting),1198352,72443,,
1976,Hake Silver (Whiting),407554,28620,,
1977,Hake Silver (Whiting),254960,17020,,
1978,Hake Silver (Whiting),1161794,109255,,
1979,Hake Silver (Whiting),143231,15328,,
1980,Hake Silver (Whiting),545302,61499,,
1981,Hake Silver (Whiting),2823127,329513,,
1982,Hake Silver (Whiting),1919736,258326,,
1983,Hake Silver (Whiting),2316849,327782,,
1984,Hake Silver (Whiting),3623839,322564,,
1985,Hake Silver (Whiting),2492602,276198,,
1986,Hake Silver (Whiting),1930305,351825,,
1987,Hake Silver (Whiting),1281274,341000,,
1988,Hake Silver (Whiting),2142467,416783,,
1989,Hake Silver (Whiting),758046,218462,,
1990,Hake Silver (Whiting),263857,55510,,
1991,Hake Silver (Whiting),126840,44368,,
1992,Hake Silver (Whiting),101614,52948,,
1993,Hake Silver (Whiting),61496,24423,,
1994,Hake Silver (Whiting),1935150,526584,,
1995,Hake Silver (Whiting),1980554,628833,,
1996,Hake Silver (Whiting),3206663,1174927,,
1997,Hake Silver (Whiting),1244100,319272,,
1998,Hake Silver (Whiting),176658,47740,,
1999,Hake Silver (Whiting),141886,49758,,
2000,Hake Silver (Whiting),21519,13345,,
2001,Hake Silver (Whiting),33606,11996,,
2002,Hake Silver (Whiting),42233,10374,,
2003,Hake Silver (Whiting),2203,1062,,
2004,Hake Silver (Whiting),2419,1055,,
2005,Hake Silver (Whiting),2524,462,,
2006,Hake Silver (Whiting),2627,202,,
2007,Hake Silver (Whiting),383,74,,
2009,Hake Silver (Whiting),657,252,,
2012,Hake Silver (Whiting),52490,22718,,
2013,Hake Silver (Whiting),25518,20079,,
2014,Hake Silver (Whiting),79072,43342,,
2015,Hake Silver (Whiting),57630,43541,,
2016,Hake Silver (Whiting),45956,43522,,
1973,Skates,3320,268,,
1974,Skates,19490,1041,,
1975,Skates,32869,2413,,
1976,Skates,79853,10607,,
1977,Skates,138083,17437,,
1978,Skates,191680,24552,,
1979,Skates,399195,63628,,
1980,Skates,435412,65779,,
1981,Skates,333304,52555,,
1982,Skates,385758,49783,,
1983,Skates,570452,47504,,
1984,Skates,508750,30570,,
1985,Skates,318445,13616,,
1986,Skates,237181,14321,,
1987,Skates,372403,25427,,
1988,Skates,180516,12123,,
1989,Skates,220051,15869,,
1990,Skates,103765,7971,,
1991,Skates,37184,2576,,
1992,Skates,99469,8326,,
1993,Skates,368267,50052,,
1994,Skates,976335,251263,,
1995,Skates,769736,180389,,
1996,Skates,589496,147505,,
1997,Skates,487216,102877,,
1998,Skates,357671,72216,,
1999,Skates,482459,104964,,
2000,Skates,304299,74908,,
2001,Skates,304732,58670,,
2002,Skates,302427,67622,,
2003,Skates,168379,39826,,
2004,Skates,29342,4965,,
2005,Skates,23919,5034,,
2010,Skates,10964,3011,,
1950,Clam Soft,33696810,1184370,,
1951,Clam Soft,25090940,1186937,,
1952,Clam Soft,27060740,1673347,,
1953,Clam Soft,20325200,1382161,,
1954,Clam Soft,18237310,1360436,,
1955,Clam Soft,12845350,948592,,
1956,Clam Soft,10917690,808035,,
1957,Clam Soft,9622130,737518,,
1958,Clam Soft,8006600,599633,,
1959,Clam Soft,7107940,547789,,
1960,Clam Soft,10160150,822810,,
1961,Clam Soft,9038050,793590,,
1962,Clam Soft,9706410,894395,,
1963,Clam Soft,8974840,786765,,
1964,Clam Soft,8670643,814652,,
1965,Clam Soft,9622718,963671,,
1966,Clam Soft,14740195,1387246,,
1967,Clam Soft,15563424,1478777,,
1968,Clam Soft,16326717,1388102,,
1969,Clam Soft,20261098,1752149,,
1970,Clam Soft,25766880,2497362,,
1971,Clam Soft,25724339,2694244,,
1972,Clam Soft,30094869,3708573,,
1973,Clam Soft,33082830,5264899,,
1974,Clam Soft,28926724,4510771,,
1975,Clam Soft,32081461,5692252,,
1976,Clam Soft,36104655,7489339,,
1977,Clam Soft,38391657,9271544,,
1978,Clam Soft,29435447,7469611,,
1979,Clam Soft,25447234,7507899,,
1980,Clam Soft,27703924,8518278,,
1981,Clam Soft,25428638,8409568,,
1982,Clam Soft,20857693,6394045,,
1983,Clam Soft,20315341,7249306,,
1984,Clam Soft,25511924,11606099,,
1985,Clam Soft,23295683,12132260,,
1986,Clam Soft,18501596,11046789,,
1987,Clam Soft,13213036,8214291,,
1988,Clam Soft,11324473,7423976,,
1989,Clam Soft,12332962,8437650,,
1990,Clam Soft,12318086,8850690,,
1991,Clam Soft,7242180,4784092,,
1992,Clam Soft,11101401,7862425,,
1993,Clam Soft,11299439,9158238,,
1994,Clam Soft,9891508,8817991,,
1995,Clam Soft,9145943,7940748,,
1996,Clam Soft,7628281,5408920,,
1997,Clam Soft,8619860,7325092,,
1998,Clam Soft,11536041,10082059,,
1999,Clam Soft,11181594,10465211,,
2000,Clam Soft,11193217,9545531,,
2001,Clam Soft,13031932,16609083,,
2002,Clam Soft,11875072,14369771,,
2003,Clam Soft,11584281,15859272,,
2004,Clam Soft,11661647,16627775,,
2005,Clam Soft,9099746,14080692,,
2006,Clam Soft,9608285,13775038,,
2007,Clam Soft,9107965,12574283,,
2008,Clam Soft,9764154,12825057,,
2009,Clam Soft,9306958,11686086,,
2010,Clam Soft,10211009,13044773,,
2011,Clam Soft,11587233,15850931,,
2012,Clam Soft,11081155,15693501,,
2013,Clam Soft,11250760,18102437,,
2014,Clam Soft,10182821,20231500,,
2015,Clam Soft,9266696,22840960,,
2016,Clam Soft,7642785,16231342,,
2017,Clam Soft,6916497,13195062,,
2018,Clam Soft,7187777,12921624,,
2019,Clam Soft,7810802,18239889,,
1950,Hake White,6117600,195294,,
1951,Hake White,3944400,156289,,
1952,Hake White,4816300,185263,,
1953,Hake White,4599700,190231,,
1954,Hake White,3787700,153037,,
1955,Hake White,2831100,103066,,
1956,Hake White,3186800,103731,,
1957,Hake White,2870300,103781,,
1958,Hake White,2088000,91913,,
1959,Hake White,1810700,73509,,
1960,Hake White,3033200,108667,,
1961,Hake White,2730500,95027,,
1962,Hake White,3276500,109636,,
1963,Hake White,3564100,124974,,
1964,Hake White,3375748,123506,,
1965,Hake White,3849855,127429,,
1966,Hake White,2017608,86677,,
1967,Hake White,1411972,60625,,
1968,Hake White,1255448,53440,,
1969,Hake White,1048131,46547,,
1970,Hake White,1410798,74913,,
1971,Hake White,1945544,105790,,
1972,Hake White,2949425,176068,,
1973,Hake White,2796605,191405,,
1974,Hake White,3777792,265502,,
1975,Hake White,3401818,365243,,
1976,Hake White,4122316,600777,,
1977,Hake White,4883137,739655,,
1978,Hake White,5012776,904959,,
1979,Hake White,3954716,719218,,
1980,Hake White,4489245,852251,,
1981,Hake White,8257213,1335411,,
1982,Hake White,9375232,1248403,,
1983,Hake White,9461638,1313574,,
1984,Hake White,8547696,1207257,,
1985,Hake White,7021024,1366563,,
1986,Hake White,6052254,2140210,,
1987,Hake White,6665833,2879256,,
1988,Hake White,5942661,1692062,,
1989,Hake White,6895770,2634867,,
1990,Hake White,6054763,2353063,,
1991,Hake White,7231907,3257998,,
1992,Hake White,11809155,4992437,,
1993,Hake White,11114488,4895094,,
1994,Hake White,6482223,3705459,,
1995,Hake White,5581517,3686045,,
1996,Hake White,4297704,2829419,,
1997,Hake White,3146595,2106382,,
1998,Hake White,2991924,2155531,,
1999,Hake White,2979075,2267158,,
2000,Hake White,3752323,2366591,,
2001,Hake White,4187208,2207356,,
2002,Hake White,4331450,2791921,,
2003,Hake White,6414831,3108314,,
2004,Hake White,4763826,2816595,,
2005,Hake White,3359227,2880981,,
2006,Hake White,1673018,1843706,,
2007,Hake White,1319343,1351657,,
2008,Hake White,788601,734330,,
2009,Hake White,775488,639842,,
2010,Hake White,612669,649781,,
2011,Hake White,862432,799463,,
2012,Hake White,1140575,1414395,,
2013,Hake White,1081181,1477447,,
2014,Hake White,818486,1230130,,
2015,Hake White,627261,901101,,
2016,Hake White,432519,766991,,
2017,Hake White,342951,469226,,
2018,Hake White,578908,590849,,
2019,Hake White,354425,492027,,
1950,Flounder Winter,1592900,74344,,
1951,Flounder Winter,2295600,184931,,
1952,Flounder Winter,1425600,119441,,
1953,Flounder Winter,1026900,75123,,
1954,Flounder Winter,1193100,93560,,
1955,Flounder Winter,935800,67423,,
1956,Flounder Winter,508300,32373,,
1957,Flounder Winter,694400,41018,,
1958,Flounder Winter,487700,26648,,
1959,Flounder Winter,342300,19043,,
1960,Flounder Winter,365900,23009,,
1961,Flounder Winter,158600,7368,,
1962,Flounder Winter,74600,4183,,
1963,Flounder Winter,49800,2822,,
1964,Flounder Winter,76578,3853,,
1965,Flounder Winter,113142,6388,,
1966,Flounder Winter,96201,5199,,
1967,Flounder Winter,103119,5980,,
1968,Flounder Winter,60000,3358,,
1969,Flounder Winter,95766,6836,,
1970,Flounder Winter,301033,21314,,
1971,Flounder Winter,146780,11726,,
1972,Flounder Winter,281781,38317,,
1973,Flounder Winter,209914,33353,,
1974,Flounder Winter,239769,44821,,
1975,Flounder Winter,531962,125799,,
1976,Flounder Winter,388016,107670,,
1977,Flounder Winter,427640,123889,,
1978,Flounder Winter,722865,263170,,
1979,Flounder Winter,985664,312219,,
1980,Flounder Winter,1248822,387422,,
1981,Flounder Winter,1474293,535981,,
1982,Flounder Winter,1979543,692792,,
1983,Flounder Winter,1493995,496350,,
1984,Flounder Winter,948747,405479,,
1985,Flounder Winter,733384,418926,,
1986,Flounder Winter,648922,512498,,
1987,Flounder Winter,536593,606045,,
1988,Flounder Winter,617248,664965,,
1989,Flounder Winter,518292,585650,,
1990,Flounder Winter,361636,341216,,
1991,Flounder Winter,367539,373026,,
1992,Flounder Winter,268549,282693,,
1993,Flounder Winter,127378,126857,,
1994,Flounder Winter,80670,98524,,
1995,Flounder Winter,51994,64894,,
1996,Flounder Winter,16595,18707,,
1997,Flounder Winter,46004,48421,,
1998,Flounder Winter,10364,10658,,
1999,Flounder Winter,9798,9812,,
2000,Flounder Winter,32854,35700,,
2003,Flounder Winter,114071,122479,,
2004,Flounder Winter,52347,56613,,
2005,Flounder Winter,44968,63987,,
2006,Flounder Winter,72212,128020,,
1950,Flounder Atlantic Witch (Gray Sole),1207900,62872,,
1951,Flounder Atlantic Witch (Gray Sole),1634700,105900,,
1952,Flounder Atlantic Witch (Gray Sole),1367700,98844,,
1953,Flounder Atlantic Witch (Gray Sole),1598900,124311,,
1954,Flounder Atlantic Witch (Gray Sole),1272900,93281,,
1955,Flounder Atlantic Witch (Gray Sole),1182400,90708,,
1956,Flounder Atlantic Witch (Gray Sole),1184800,99382,,
1957,Flounder Atlantic Witch (Gray Sole),1185600,140386,,
1958,Flounder Atlantic Witch (Gray Sole),1006600,100686,,
1959,Flounder Atlantic Witch (Gray Sole),794900,86380,,
1960,Flounder Atlantic Witch (Gray Sole),809500,81243,,
1961,Flounder Atlantic Witch (Gray Sole),569700,58143,,
1962,Flounder Atlantic Witch (Gray Sole),597700,54477,,
1963,Flounder Atlantic Witch (Gray Sole),711100,66040,,
1964,Flounder Atlantic Witch (Gray Sole),497602,40053,,
1965,Flounder Atlantic Witch (Gray Sole),1705,101,,
1966,Flounder Atlantic Witch (Gray Sole),413818,38804,,
1967,Flounder Atlantic Witch (Gray Sole),528603,50649,,
1968,Flounder Atlantic Witch (Gray Sole),800784,73933,,
1969,Flounder Atlantic Witch (Gray Sole),446782,35898,,
1970,Flounder Atlantic Witch (Gray Sole),445728,41863,,
1971,Flounder Atlantic Witch (Gray Sole),514214,56782,,
1972,Flounder Atlantic Witch (Gray Sole),993178,147415,,
1973,Flounder Atlantic Witch (Gray Sole),1317975,268872,,
1974,Flounder Atlantic Witch (Gray Sole),574513,144186,,
1975,Flounder Atlantic Witch (Gray Sole),770680,257528,,
1976,Flounder Atlantic Witch (Gray Sole),851902,391584,,
1977,Flounder Atlantic Witch (Gray Sole),1694181,848070,,
1978,Flounder Atlantic Witch (Gray Sole),3045905,1564035,,
1979,Flounder Atlantic Witch (Gray Sole),2656928,1524651,,
1980,Flounder Atlantic Witch (Gray Sole),3597952,1909949,,
1981,Flounder Atlantic Witch (Gray Sole),3965413,2392313,,
1982,Flounder Atlantic Witch (Gray Sole),5764095,3176799,,
1983,Flounder Atlantic Witch (Gray Sole),7805623,4562365,,
1984,Flounder Atlantic Witch (Gray Sole),6408619,4523090,,
1985,Flounder Atlantic Witch (Gray Sole),5739037,4718782,,
1986,Flounder Atlantic Witch (Gray Sole),4516184,4647392,,
1987,Flounder Atlantic Witch (Gray Sole),4966267,7054626,,
1988,Flounder Atlantic Witch (Gray Sole),4529322,6486707,,
1989,Flounder Atlantic Witch (Gray Sole),2707633,4834498,,
1990,Flounder Atlantic Witch (Gray Sole),1330245,2679626,,
1991,Flounder Atlantic Witch (Gray Sole),1702662,3036939,,
1992,Flounder Atlantic Witch (Gray Sole),2089258,3473511,,
1993,Flounder Atlantic Witch (Gray Sole),2731042,4618362,,
1994,Flounder Atlantic Witch (Gray Sole),2992118,4893624,,
1995,Flounder Atlantic Witch (Gray Sole),2230696,3993731,,
1996,Flounder Atlantic Witch (Gray Sole),2279413,3858215,,
1997,Flounder Atlantic Witch (Gray Sole),1973641,3375763,,
1998,Flounder Atlantic Witch (Gray Sole),1848028,2956165,,
1999,Flounder Atlantic Witch (Gray Sole),1979699,2773070,,
2000,Flounder Atlantic Witch (Gray Sole),2066331,2730576,,
2001,Flounder Atlantic Witch (Gray Sole),2420452,2779402,,
2002,Flounder Atlantic Witch (Gray Sole),2335166,2657689,,
2003,Flounder Atlantic Witch (Gray Sole),1870281,2564101,,
2004,Flounder Atlantic Witch (Gray Sole),2135202,2819664,,
2005,Flounder Atlantic Witch (Gray Sole),1777320,2537231,,
2006,Flounder Atlantic Witch (Gray Sole),945435,1811095,,
2007,Flounder Atlantic Witch (Gray Sole),602734,1385448,,
2008,Flounder Atlantic Witch (Gray Sole),346606,781469,,
2009,Flounder Atlantic Witch (Gray Sole),282428,472535,,
2010,Flounder Atlantic Witch (Gray Sole),137936,302939,,
2011,Flounder Atlantic Witch (Gray Sole),139010,257588,,
2012,Flounder Atlantic Witch (Gray Sole),282750,475631,,
2013,Flounder Atlantic Witch (Gray Sole),247664,576799,,
2014,Flounder Atlantic Witch (Gray Sole),141791,366471,,
2015,Flounder Atlantic Witch (Gray Sole),117525,296584,,
2016,Flounder Atlantic Witch (Gray Sole),65153,183115,,
2017,Flounder Atlantic Witch (Gray Sole),41495,101187,,
2019,Flounder Atlantic Witch (Gray Sole),131540,221471,,
1950,Flounder Yellowtail,145300,10839,,
1951,Flounder Yellowtail,82400,9706,,
1952,Flounder Yellowtail,55100,4563,,
1953,Flounder Yellowtail,58500,5701,,
1954,Flounder Yellowtail,23700,2202,,
1955,Flounder Yellowtail,29700,2886,,
1956,Flounder Yellowtail,51700,6266,,
1957,Flounder Yellowtail,40600,3533,,
1958,Flounder Yellowtail,64300,5357,,
1959,Flounder Yellowtail,113400,9725,,
1960,Flounder Yellowtail,65300,5986,,
1961,Flounder Yellowtail,65900,3950,,
1962,Flounder Yellowtail,17300,1369,,
1964,Flounder Yellowtail,5410,156,,
1965,Flounder Yellowtail,7175,490,,
1966,Flounder Yellowtail,21800,1723,,
1967,Flounder Yellowtail,77850,6189,,
1968,Flounder Yellowtail,13040,915,,
1969,Flounder Yellowtail,76375,8221,,
1970,Flounder Yellowtail,155067,13317,,
1971,Flounder Yellowtail,86457,8776,,
1972,Flounder Yellowtail,276449,47546,,
1973,Flounder Yellowtail,120062,23190,,
1974,Flounder Yellowtail,197082,45079,,
1975,Flounder Yellowtail,324621,104067,,
1976,Flounder Yellowtail,314450,120892,,
1977,Flounder Yellowtail,331117,132500,,
1978,Flounder Yellowtail,509436,212639,,
1979,Flounder Yellowtail,430521,168008,,
1980,Flounder Yellowtail,644713,223110,,
1981,Flounder Yellowtail,514529,203090,,
1982,Flounder Yellowtail,485800,164991,,
1983,Flounder Yellowtail,391760,130605,,
1984,Flounder Yellowtail,187346,70322,,
1985,Flounder Yellowtail,6049507,3355430,,
1986,Flounder Yellowtail,5067254,3511123,,
1987,Flounder Yellowtail,3206000,2529396,,
1988,Flounder Yellowtail,1909927,1591535,,
1989,Flounder Yellowtail,831374,719089,,
1990,Flounder Yellowtail,186255,137320,,
1991,Flounder Yellowtail,174925,158147,,
1992,Flounder Yellowtail,163457,162028,,
1993,Flounder Yellowtail,155484,178418,,
1994,Flounder Yellowtail,73267,89309,,
1995,Flounder Yellowtail,50745,56999,,
1996,Flounder Yellowtail,33225,34767,,
1997,Flounder Yellowtail,33163,37939,,
1998,Flounder Yellowtail,30036,30510,,
1999,Flounder Yellowtail,26951,28463,,
2000,Flounder Yellowtail,67590,77311,,
2001,Flounder Yellowtail,131655,111166,,
2002,Flounder Yellowtail,76455,88992,,
2005,Flounder Yellowtail,7705,5688,,
2007,Flounder Yellowtail,23353,36113,,
2009,Flounder Yellowtail,1259,1231,,
